Date,Close
1/12/2003,3850.4
2/12/2003,3844.3
3/12/2003,3849.3
4/12/2003,3847.1
5/12/2003,3848.8
8/12/2003,3849.9
9/12/2003,3852.3
10/12/2003,3850.8
11/12/2003,3849.1
12/12/2003,3851.6
15/12/2003,3850
16/12/2003,3849.4
17/12/2003,3855.2
18/12/2003,3855.8
19/12/2003,3848
22/12/2003,3852.5
23/12/2003,3853.3
29/12/2003,3854.3
30/12/2003,3854.6
31/12/2003,3817.7
2/1/2004,3856
5/1/2004,3855
6/1/2004,3852.8
7/1/2004,3853.9
8/1/2004,3846.6
9/1/2004,3857.6
12/1/2004,3855.9
13/1/2004,3855.5
14/1/2004,3854.4
15/1/2004,3854.2
16/1/2004,3859.8
19/1/2004,3848.5
20/1/2004,3846.3
21/1/2004,3851
22/1/2004,3855.9
23/1/2004,3861.1
26/1/2004,3856.2
27/1/2004,3850.8
28/1/2004,3856.4
29/1/2004,3855.1
30/1/2004,3847.2
2/2/2004,3848.5
3/2/2004,3854.6
4/2/2004,3854.6
5/2/2004,3852.8
6/2/2004,3853.8
9/2/2004,3874.1
10/2/2004,3855
11/2/2004,3853.5
12/2/2004,3855.7
13/2/2004,3856.5
16/2/2004,3855.9
17/2/2004,3858.1
18/2/2004,3859.2
19/2/2004,3855.6
20/2/2004,3853.8
23/2/2004,3854.3
24/2/2004,3853.7
25/2/2004,3859.3
26/2/2004,3852.1
27/2/2004,3851.8
1/3/2004,3854.6
2/3/2004,3855.2
3/3/2004,3857.9
4/3/2004,3856
5/3/2004,3851
8/3/2004,3855.3
9/3/2004,3851.4
10/3/2004,3851.4
11/3/2004,3848.3
12/3/2004,3853.8
15/3/2004,3853.8
16/3/2004,3850.4
17/3/2004,3850.6
18/3/2004,3854.1
19/3/2004,3853
22/3/2004,3850.7
23/3/2004,3850.7
24/3/2004,3850.9
25/3/2004,3845.7
26/3/2004,3847.1
29/3/2004,3852.8
30/3/2004,3853.8
31/3/2004,3849.7
1/4/2004,3853.2
2/4/2004,3851.8
5/4/2004,3849.7
6/4/2004,3849.3
7/4/2004,3845.1
8/4/2004,3850.7
13/4/2004,3847.3
14/4/2004,3846.9
15/4/2004,3846
16/4/2004,3844.8
19/4/2004,3847.4
20/4/2004,3847.4
21/4/2004,3844.6
22/4/2004,3844.4
23/4/2004,3849.3
26/4/2004,3847.5
27/4/2004,3851.4
28/4/2004,3845.2
29/4/2004,3846.4
30/4/2004,3836.9
3/5/2004,3846.6
4/5/2004,3847
5/5/2004,3849.5
6/5/2004,3857.8
7/5/2004,3848.9
10/5/2004,3844.3
11/5/2004,3843.9
12/5/2004,3845.6
13/5/2004,3845
14/5/2004,3844.9
17/5/2004,3851
18/5/2004,3848.4
19/5/2004,3848.6
21/5/2004,3850.3
24/5/2004,3845.2
25/5/2004,3846.1
26/5/2004,3847.3
27/5/2004,3849.1
28/5/2004,3851.9
1/6/2004,3851.8
2/6/2004,3851.8
3/6/2004,3850.2
4/6/2004,3851.8
7/6/2004,3854.2
8/6/2004,3870.4
9/6/2004,3854.4
10/6/2004,3854.3
11/6/2004,3846.1
14/6/2004,3847.5
15/6/2004,3848.3
16/6/2004,3848.6
17/6/2004,3848.8
18/6/2004,3847.3
21/6/2004,3850.6
22/6/2004,3848.6
23/6/2004,3848.9
24/6/2004,3848.6
25/6/2004,3847.1
28/6/2004,3849.3
29/6/2004,3849
30/6/2004,3850.6
1/7/2004,3854.8
2/7/2004,3849.5
5/7/2004,3849.7
6/7/2004,3851.5
7/7/2004,3851.9
8/7/2004,3849.9
9/7/2004,3854.1
12/7/2004,3853.9
13/7/2004,3852.8
14/7/2004,3852.2
15/7/2004,3859.6
16/7/2004,3852
19/7/2004,3852.7
20/7/2004,3716.3
21/7/2004,3710.5
22/7/2004,3710.6
23/7/2004,3709.4
26/7/2004,3712.2
27/7/2004,3709.3
28/7/2004,3698.9
29/7/2004,3708.7
30/7/2004,3709.7
2/8/2004,3712.4
3/8/2004,3677.6
4/8/2004,3698.8
5/8/2004,3691.3
6/8/2004,3688.8
9/8/2004,3698.3
10/8/2004,3692.5
11/8/2004,3693.3
12/8/2004,3695.2
13/8/2004,3693.7
16/8/2004,3695.1
17/8/2004,3707.6
18/8/2004,3705.6
19/8/2004,3706.4
20/8/2004,3701.4
23/8/2004,3707.2
24/8/2004,3705
25/8/2004,3701.5
26/8/2004,3698.5
27/8/2004,3704.2
30/8/2004,3697.4
31/8/2004,3701.1
1/9/2004,3700.7
2/9/2004,3700.3
3/9/2004,3699.9
6/9/2004,3699.8
7/9/2004,3697.3
8/9/2004,3703.3
9/9/2004,3701.9
10/9/2004,3700
13/9/2004,3709.3
14/9/2004,3701.8
15/9/2004,3711.1
16/9/2004,3710
17/9/2004,3716.1
20/9/2004,3708.3
21/9/2004,3713.4
22/9/2004,3696
23/9/2004,3707.7
24/9/2004,3706.7
27/9/2004,3711.3
28/9/2004,3702
29/9/2004,3699.3
30/9/2004,3707
1/10/2004,3706
4/10/2004,3715.9
5/10/2004,3706.2
6/10/2004,3710.4
7/10/2004,3712.9
8/10/2004,3700.8
11/10/2004,3712.6
12/10/2004,3705.3
13/10/2004,3710.6
14/10/2004,3707.2
15/10/2004,3708
18/10/2004,3715
19/10/2004,3709.2
20/10/2004,3714.3
21/10/2004,3716.1
22/10/2004,3712.2
25/10/2004,3713.6
26/10/2004,3713
27/10/2004,3715.6
29/10/2004,3710.7
1/11/2004,3716.8
2/11/2004,3710.5
3/11/2004,3719.5
4/11/2004,3708.4
5/11/2004,3714.7
8/11/2004,3714.2
9/11/2004,3711.9
10/11/2004,3711.7
11/11/2004,3713.2
12/11/2004,3718.2
15/11/2004,3714.7
16/11/2004,3712.7
17/11/2004,3720.7
18/11/2004,3722.3
19/11/2004,3715.7
22/11/2004,3721.6
23/11/2004,3720.5
24/11/2004,3717.3
25/11/2004,3726.7
26/11/2004,3726.7
29/11/2004,3718.7
30/11/2004,3721.7
1/12/2004,3725.2
2/12/2004,3716.6
3/12/2004,3717.3
6/12/2004,3717.8
7/12/2004,3724.5
8/12/2004,3720.4
9/12/2004,3717.2
10/12/2004,3714.4
13/12/2004,3717.7
14/12/2004,3722.2
15/12/2004,3704.3
16/12/2004,3721.2
17/12/2004,3751
20/12/2004,3722.6
21/12/2004,3721.3
22/12/2004,3714.3
23/12/2004,3719.4
27/12/2004,3724.1
28/12/2004,3721.3
29/12/2004,3720.1
30/12/2004,3724.5
31/12/2004,3718.7
3/1/2005,3717.2
4/1/2005,3724.5
5/1/2005,3717.9
6/1/2005,3720.2
7/1/2005,3765.4
10/1/2005,3699.1
11/1/2005,3698.8
12/1/2005,3697
13/1/2005,3699.2
14/1/2005,3697.1
17/1/2005,3694.6
18/1/2005,3695.5
19/1/2005,3694.4
20/1/2005,3696
21/1/2005,3700.5
24/1/2005,3695.6
25/1/2005,3695.7
26/1/2005,3694.1
27/1/2005,3695.6
28/1/2005,3697.2
31/1/2005,3697.3
1/2/2005,3696.7
2/2/2005,3696.2
3/2/2005,3698.7
4/2/2005,3689.1
7/2/2005,3693
8/2/2005,3688
9/2/2005,3689.7
10/2/2005,3689.5
11/2/2005,3690.7
14/2/2005,3691.5
15/2/2005,3690.1
16/2/2005,3691.6
17/2/2005,3692.5
18/2/2005,3680.7
21/2/2005,3689.7
22/2/2005,3693.3
23/2/2005,3693.7
24/2/2005,3696.3
25/2/2005,3696.4
28/2/2005,3691.8
1/3/2005,3694.4
2/3/2005,3692.2
3/3/2005,3691.4
4/3/2005,3658.5
7/3/2005,3693.2
8/3/2005,3696.1
9/3/2005,3700.9
10/3/2005,3696.1
11/3/2005,3697
14/3/2005,3694
15/3/2005,3698.4
16/3/2005,3695.2
17/3/2005,3698.1
18/3/2005,3696.7
21/3/2005,3693.1
22/3/2005,3693.4
23/3/2005,3694.2
24/3/2005,3688.8
29/3/2005,3690.3
30/3/2005,3691.4
31/3/2005,3691.2
1/4/2005,3690.5
4/4/2005,3690.9
5/4/2005,3841.7
6/4/2005,3863.6
7/4/2005,3862.4
8/4/2005,3858.3
11/4/2005,3860
12/4/2005,3872.8
13/4/2005,3868.5
14/4/2005,3868.9
15/4/2005,3869.3
18/4/2005,3884.3
19/4/2005,3878.4
20/4/2005,3867
21/4/2005,3882.3
22/4/2005,3881.3
25/4/2005,3896.6
26/4/2005,3888.3
27/4/2005,3888.8
28/4/2005,3903.8
29/4/2005,3920.5
2/5/2005,3911.9
3/5/2005,3905.8
4/5/2005,3914
6/5/2005,3911.4
9/5/2005,3910
10/5/2005,3908.3
11/5/2005,3910.1
12/5/2005,3944
13/5/2005,3907.9
17/5/2005,3911
18/5/2005,3916
19/5/2005,3901.9
20/5/2005,3908.2
23/5/2005,3912.4
24/5/2005,3940.2
25/5/2005,3922.5
26/5/2005,3939.8
27/5/2005,3929.3
30/5/2005,3940.4
31/5/2005,3932.4
1/6/2005,3929.1
2/6/2005,3937.3
3/6/2005,3928.3
6/6/2005,3926.6
7/6/2005,3940.3
8/6/2005,3936.3
9/6/2005,3937.1
10/6/2005,3974.8
13/6/2005,3939.8
14/6/2005,3935.1
15/6/2005,3939
16/6/2005,3934.4
17/6/2005,3936.5
20/6/2005,3940
21/6/2005,3943.7
22/6/2005,3944.4
23/6/2005,3939.2
24/6/2005,3935.6
27/6/2005,3939.2
28/6/2005,3951.2
29/6/2005,3934.5
30/6/2005,3916.1
1/7/2005,3940
4/7/2005,3931.5
5/7/2005,3931
6/7/2005,3941.5
7/7/2005,3942.2
8/7/2005,3942.4
11/7/2005,3946.8
12/7/2005,3931.4
13/7/2005,3983.2
14/7/2005,3936
15/7/2005,3940.3
18/7/2005,3934
19/7/2005,3941.5
20/7/2005,3944.1
21/7/2005,3948.9
22/7/2005,3958.8
25/7/2005,3952.8
26/7/2005,3954.8
27/7/2005,3951.9
28/7/2005,3952.2
29/7/2005,3953.6
1/8/2005,3955.3
2/8/2005,4013.7
3/8/2005,4012.8
4/8/2005,3946.9
5/8/2005,3979.8
8/8/2005,3967.4
9/8/2005,3992.9
10/8/2005,3994.3
11/8/2005,3991.3
12/8/2005,3859.9
15/8/2005,3852.6
16/8/2005,3858.7
17/8/2005,3868.5
18/8/2005,3886.7
19/8/2005,3885.9
22/8/2005,3881.6
23/8/2005,3881.7
24/8/2005,3916
25/8/2005,3942
26/8/2005,3949.4
29/8/2005,3970.5
30/8/2005,3990.3
31/8/2005,3991.6
1/9/2005,3953.8
2/9/2005,4005.5
5/9/2005,4000.2
6/9/2005,3999.7
7/9/2005,3968.8
8/9/2005,3946.1
9/9/2005,3943.1
12/9/2005,3946.8
13/9/2005,3942
14/9/2005,3946.5
15/9/2005,3941.1
16/9/2005,3952.8
19/9/2005,3940.2
20/9/2005,3944.9
22/9/2005,3954.8
23/9/2005,3944.5
26/9/2005,3943.8
27/9/2005,3958.2
28/9/2005,3953.2
29/9/2005,3954.8
30/9/2005,3962.9
3/10/2005,3992.5
4/10/2005,3926.7
5/10/2005,3953.4
6/10/2005,3958.9
7/10/2005,3949.1
10/10/2005,3950.2
11/10/2005,3948.4
12/10/2005,3937.7
13/10/2005,3954.9
14/10/2005,3924.6
17/10/2005,3959.7
18/10/2005,3951
19/10/2005,3959.1
20/10/2005,3952.3
21/10/2005,3953.1
24/10/2005,3944
25/10/2005,3959.4
26/10/2005,3956.5
27/10/2005,3952.2
28/10/2005,3984.7
31/10/2005,3989.8
1/11/2005,3985.3
2/11/2005,3981.6
3/11/2005,3986.8
4/11/2005,3988.5
7/11/2005,3992.2
8/11/2005,3975.9
9/11/2005,3948.2
10/11/2005,3954.8
11/11/2005,3936
14/11/2005,3949.5
15/11/2005,3949.1
16/11/2005,3950.2
17/11/2005,3949.3
18/11/2005,3943.3
21/11/2005,3954.9
22/11/2005,3914.5
23/11/2005,3942
24/11/2005,3929.1
25/11/2005,3930.8
28/11/2005,3889.1
29/11/2005,3948.1
30/11/2005,3950.7
1/12/2005,3979.2
2/12/2005,3882.9
5/12/2005,3854.6
6/12/2005,3824.3
7/12/2005,3829.1
8/12/2005,3831.9
9/12/2005,3844.7
12/12/2005,3835.7
13/12/2005,3857.2
14/12/2005,3860.3
15/12/2005,3857.9
16/12/2005,3853.5
19/12/2005,3861.1
20/12/2005,3849.6
21/12/2005,3846.8
22/12/2005,3847.2
23/12/2005,3832.9
26/12/2005,3834.4
27/12/2005,3839
28/12/2005,3830.3
29/12/2005,3835.6
30/12/2005,3833.9
2/1/2006,3830.3
3/1/2006,3831.7
4/1/2006,3819.7
5/1/2006,3832
6/1/2006,3819.5
9/1/2006,3840.1
10/1/2006,3846.5
11/1/2006,3833.3
12/1/2006,3839.5
13/1/2006,3833.5
16/1/2006,3840.5
17/1/2006,3841.1
18/1/2006,3821.5
19/1/2006,3838.1
20/1/2006,3838
23/1/2006,3893.7
24/1/2006,3891.2
25/1/2006,3904.1
26/1/2006,3901.4
27/1/2006,3927.3
30/1/2006,3895.5
31/1/2006,3894.7
1/2/2006,3899.9
2/2/2006,3900.3
3/2/2006,3898.9
6/2/2006,3903.3
7/2/2006,3896
8/2/2006,3892.7
9/2/2006,3891.1
10/2/2006,3882.2
13/2/2006,3878.6
14/2/2006,3887
15/2/2006,3886.1
16/2/2006,3869.7
17/2/2006,3865.1
20/2/2006,3869.2
21/2/2006,3876.9
22/2/2006,3877.3
23/2/2006,3877
24/2/2006,3876.7
27/2/2006,3879
28/2/2006,3875.6
1/3/2006,3877.4
2/3/2006,3877.9
3/3/2006,3883.5
6/3/2006,3848.6
7/3/2006,3841.8
8/3/2006,3838.1
9/3/2006,3841.8
10/3/2006,3832.1
13/3/2006,3864.7
14/3/2006,3848.3
15/3/2006,3865.5
16/3/2006,3866.7
17/3/2006,3836.3
20/3/2006,3839.8
21/3/2006,3839.9
22/3/2006,3840.1
23/3/2006,3844.3
24/3/2006,3833.6
27/3/2006,3838.7
28/3/2006,3855.7
29/3/2006,3838.6
30/3/2006,3805.8
31/3/2006,3834.5
3/4/2006,3834.2
4/4/2006,3840.6
5/4/2006,3829.9
6/4/2006,3864
7/4/2006,3826.8
10/4/2006,3833.4
11/4/2006,3833.6
12/4/2006,3840.5
13/4/2006,3834.7
14/4/2006,3830.1
17/4/2006,3823.6
18/4/2006,3842.2
19/4/2006,3853.9
20/4/2006,3849.4
21/4/2006,3854.5
24/4/2006,3845.3
25/4/2006,3824.3
26/4/2006,3839.8
27/4/2006,3893.5
28/4/2006,3897.5
1/5/2006,3869.3
2/5/2006,3895
3/5/2006,3896.5
4/5/2006,3864.8
5/5/2006,3892.7
8/5/2006,3901.8
9/5/2006,3865.2
10/5/2006,3864.4
11/5/2006,3826.6
12/5/2006,3865.8
15/5/2006,3864.7
16/5/2006,3859.2
17/5/2006,3911.6
18/5/2006,3823.9
19/5/2006,3858.1
22/5/2006,3860
23/5/2006,3866.7
24/5/2006,3893.1
25/5/2006,3883.4
26/5/2006,3889.8
29/5/2006,3872.1
30/5/2006,3869.9
31/5/2006,3881.5
1/6/2006,3870.3
2/6/2006,3830.5
5/6/2006,3837.2
6/6/2006,3875
7/6/2006,3857
8/6/2006,3891.5
9/6/2006,3866
12/6/2006,3852
13/6/2006,3863.2
14/6/2006,3860.7
15/6/2006,3847.1
16/6/2006,3901.6
19/6/2006,3898.5
20/6/2006,3894.6
21/6/2006,3883.9
22/6/2006,3899.9
23/6/2006,3896.3
26/6/2006,3889.8
27/6/2006,3889.5
28/6/2006,3903.1
29/6/2006,3890.8
30/6/2006,3892.7
3/7/2006,3895.1
4/7/2006,3898.5
5/7/2006,3907.7
6/7/2006,3893.5
7/7/2006,3892.2
10/7/2006,3900.6
11/7/2006,3891.6
12/7/2006,3900.8
13/7/2006,3892.6
14/7/2006,3902.5
17/7/2006,3895.4
18/7/2006,3901.5
19/7/2006,3889.4
20/7/2006,3890
21/7/2006,3890.9
24/7/2006,3889.4
25/7/2006,3964.5
26/7/2006,3962.7
27/7/2006,3963.1
28/7/2006,3964.4
31/7/2006,3943.7
1/8/2006,3946.9
2/8/2006,3950
3/8/2006,3940.4
4/8/2006,3932.6
7/8/2006,3961.9
8/8/2006,3952.7
9/8/2006,3960
10/8/2006,3970.8
11/8/2006,3963.9
14/8/2006,3961.3
15/8/2006,3961.3
16/8/2006,3906.5
17/8/2006,3925.1
18/8/2006,3927.5
21/8/2006,3915.1
22/8/2006,3921.3
23/8/2006,3925.9
24/8/2006,3925.7
25/8/2006,3934.5
28/8/2006,3915.6
29/8/2006,3929.2
30/8/2006,3911.4
31/8/2006,3913.8
1/9/2006,3916.6
4/9/2006,3913.9
5/9/2006,3922.3
6/9/2006,3979.9
7/9/2006,3989.9
8/9/2006,3979.3
11/9/2006,3974.5
12/9/2006,3976.7
13/9/2006,3976
14/9/2006,3964.4
15/9/2006,3973.4
18/9/2006,3975.5
19/9/2006,3956
20/9/2006,3957.2
21/9/2006,3955.7
22/9/2006,3972.3
25/9/2006,3975.4
26/9/2006,3972.5
27/9/2006,3969.6
28/9/2006,3984.5
29/9/2006,3984.3
2/10/2006,3978.9
3/10/2006,3972.5
4/10/2006,3984
5/10/2006,4000.2
6/10/2006,4013.4
9/10/2006,3990.2
10/10/2006,4005.5
11/10/2006,3995.4
12/10/2006,3987.7
13/10/2006,4010.5
16/10/2006,3988.3
17/10/2006,3980.7
18/10/2006,3989.3
19/10/2006,3988.4
20/10/2006,3990.6
23/10/2006,3996.5
24/10/2006,3998.1
25/10/2006,3979.8
26/10/2006,3972.3
27/10/2006,3970.1
30/10/2006,3951.1
31/10/2006,3950.5
1/11/2006,3954
2/11/2006,3964.1
3/11/2006,3981.1
6/11/2006,3953.5
7/11/2006,3953.5
8/11/2006,3968.8
9/11/2006,3974.4
10/11/2006,3975.2
13/11/2006,3976.3
14/11/2006,3966.8
15/11/2006,3966.5
16/11/2006,3939.2
17/11/2006,3941.4
20/11/2006,3940.1
21/11/2006,3923.8
22/11/2006,3914.9
23/11/2006,3922.6
24/11/2006,3925.2
27/11/2006,3917.2
28/11/2006,3914.6
29/11/2006,3920.1
30/11/2006,3903.2
1/12/2006,3900.2
4/12/2006,3911.1
5/12/2006,3915.4
6/12/2006,3915.8
7/12/2006,3913.6
8/12/2006,3893.6
11/12/2006,3907.4
12/12/2006,3857
13/12/2006,3890.9
14/12/2006,3862.6
15/12/2006,3858
18/12/2006,3870.7
19/12/2006,3869.1
20/12/2006,3884.4
21/12/2006,3884.2
22/12/2006,3867.1
25/12/2006,3867.1
26/12/2006,3875.9
27/12/2006,3875.2
28/12/2006,3859.1
29/12/2006,3892.9
1/1/2007,3892.9
2/1/2007,3889
3/1/2007,3900.8
4/1/2007,3876.5
5/1/2007,3902.7
8/1/2007,3872.5
9/1/2007,3881.1
10/1/2007,3888.7
11/1/2007,3886.2
12/1/2007,3891.7
15/1/2007,3863.9
16/1/2007,3881.9
17/1/2007,3881.9
18/1/2007,3873.7
19/1/2007,3877.3
22/1/2007,3876.2
23/1/2007,3872.2
24/1/2007,3888.8
25/1/2007,3909.4
26/1/2007,3887.9
29/1/2007,3886
30/1/2007,3888.8
31/1/2007,3890.4
1/2/2007,3884.4
2/2/2007,3900.8
5/2/2007,3885
6/2/2007,3883.6
7/2/2007,3874.1
8/2/2007,3873.8
9/2/2007,3872
12/2/2007,3868.5
13/2/2007,3850.3
14/2/2007,3847
15/2/2007,3861.5
16/2/2007,3863
19/2/2007,3863.8
20/2/2007,3864.3
21/2/2007,3857.4
22/2/2007,3853
23/2/2007,3854.2
26/2/2007,3853.4
27/2/2007,3860.1
28/2/2007,3864.1
1/3/2007,3880.1
2/3/2007,3882.2
5/3/2007,3866.3
6/3/2007,3862.4
7/3/2007,3861.1
8/3/2007,3856.8
9/3/2007,3864
12/3/2007,3864.1
13/3/2007,3852.8
14/3/2007,3854.3
15/3/2007,3847.8
16/3/2007,3859.4
19/3/2007,3837.2
20/3/2007,3835.9
21/3/2007,3828.4
22/3/2007,3831.6
23/3/2007,3841
26/3/2007,3835.5
27/3/2007,3830.9
28/3/2007,3855
29/3/2007,3852.9
30/3/2007,3855.5
2/4/2007,3833.7
3/4/2007,3846.4
4/4/2007,3844.9
5/4/2007,3829.4
6/4/2007,3827.5
9/4/2007,3839.7
10/4/2007,3833.5
11/4/2007,3836.4
12/4/2007,3833.6
13/4/2007,3844.4
16/4/2007,3845
17/4/2007,3839.3
18/4/2007,3839
19/4/2007,3838.4
20/4/2007,3841.3
23/4/2007,3840
24/4/2007,3835.1
25/4/2007,3843.2
26/4/2007,3834.9
27/4/2007,3837
30/4/2007,3830.4
1/5/2007,3832.9
2/5/2007,3827.9
3/5/2007,3844.6
4/5/2007,3844.7
7/5/2007,3829.7
8/5/2007,3854.1
9/5/2007,3840.6
10/5/2007,3865.1
11/5/2007,3868
14/5/2007,3862.7
15/5/2007,3862.9
16/5/2007,3880
17/5/2007,3887.4
18/5/2007,3857.9
21/5/2007,3852.1
22/5/2007,3853.4
23/5/2007,3856.8
24/5/2007,3935.5
25/5/2007,3937.6
28/5/2007,3930.1
29/5/2007,3944.5
30/5/2007,3930.1
31/5/2007,3929.1
1/6/2007,3935.4
4/6/2007,3923.4
5/6/2007,3930.6
6/6/2007,3936.6
7/6/2007,3946.1
8/6/2007,3971.7
11/6/2007,3928.3
12/6/2007,3941.6
13/6/2007,3945.4
14/6/2007,3932.2
15/6/2007,3931.4
18/6/2007,3930.2
19/6/2007,3926.3
20/6/2007,3942.4
21/6/2007,3945.8
22/6/2007,3929
25/6/2007,3935.2
26/6/2007,3934.2
27/6/2007,3937.8
28/6/2007,3930.6
29/6/2007,3938.2
2/7/2007,3932.5
3/7/2007,3931.1
4/7/2007,3931.4
5/7/2007,3947.5
6/7/2007,3946.9
9/7/2007,3935.8
10/7/2007,3935
11/7/2007,3938
12/7/2007,3935.3
13/7/2007,3937.5
16/7/2007,3941
17/7/2007,3939.7
18/7/2007,3928.2
19/7/2007,3937.6
20/7/2007,3937.6
23/7/2007,3930.7
24/7/2007,3928.5
25/7/2007,3934.6
26/7/2007,3934.5
27/7/2007,3933.2
30/7/2007,3923.2
31/7/2007,3938.9
1/8/2007,3946.2
2/8/2007,3931.2
3/8/2007,3921
6/8/2007,3937.8
7/8/2007,3952.6
8/8/2007,3949
9/8/2007,3955.8
10/8/2007,3961
13/8/2007,3950.2
14/8/2007,3946.3
15/8/2007,3950.1
16/8/2007,3953.9
17/8/2007,3922.1
20/8/2007,3936.6
21/8/2007,3954.3
22/8/2007,3954.9
23/8/2007,3947.9
24/8/2007,3947.5
27/8/2007,3950
28/8/2007,3965.6
29/8/2007,3971.4
30/8/2007,3937.1
31/8/2007,3951.8
3/9/2007,3946.3
4/9/2007,3948.7
5/9/2007,3930
6/9/2007,3933.7
7/9/2007,3935
11/9/2007,3942.2
12/9/2007,3938.8
13/9/2007,3952.4
14/9/2007,3953.7
17/9/2007,3959.1
18/9/2007,3957.8
19/9/2007,3952.1
20/9/2007,3950.1
21/9/2007,3947.4
24/9/2007,3966.1
25/9/2007,3967.5
26/9/2007,3956
27/9/2007,3956.3
28/9/2007,3953.5
1/10/2007,3957.8
2/10/2007,3954.8
3/10/2007,3969.8
4/10/2007,3969.9
5/10/2007,3947.9
8/10/2007,3963
9/10/2007,3965.3
10/10/2007,3941.4
11/10/2007,3945.1
12/10/2007,3934.6
15/10/2007,3939.5
16/10/2007,3942
17/10/2007,3931.9
18/10/2007,3928.9
19/10/2007,3934.5
22/10/2007,3945.1
23/10/2007,3942.3
24/10/2007,3925.1
25/10/2007,3931.2
26/10/2007,3931.3
29/10/2007,3956.4
30/10/2007,3956.5
31/10/2007,3943.3
1/11/2007,3940.6
2/11/2007,3941
5/11/2007,3940.8
6/11/2007,3939.8
7/11/2007,3943.4
8/11/2007,3929.5
9/11/2007,3913.5
12/11/2007,3915.8
13/11/2007,3905.1
14/11/2007,3919.3
15/11/2007,3909.8
16/11/2007,3907.9
19/11/2007,3906.5
20/11/2007,3903.9
21/11/2007,3895.2
22/11/2007,3902.7
23/11/2007,3906.4
27/11/2007,3914
28/11/2007,3914
29/11/2007,3901.7
30/11/2007,3957.5
3/12/2007,3918.5
4/12/2007,3920
5/12/2007,3949.7
6/12/2007,3948.2
7/12/2007,3897.3
10/12/2007,3885.4
11/12/2007,3892.6
12/12/2007,3891.7
13/12/2007,3911.6
14/12/2007,3897.1
17/12/2007,3898.1
18/12/2007,3874.5
19/12/2007,3881.3
20/12/2007,3876.7
21/12/2007,3873.5
24/12/2007,3871.3
25/12/2007,3869.7
27/12/2007,3884.6
28/12/2007,3883
31/12/2007,3916.9
1/1/2008,3916.8
2/1/2008,3883
3/1/2008,3895.1
4/1/2008,3896.1
7/1/2008,3887.8
8/1/2008,3887.4
9/1/2008,3894.3
10/1/2008,3889.6
11/1/2008,3882.7
14/1/2008,3894.9
15/1/2008,3910.6
16/1/2008,3914.5
17/1/2008,3885
18/1/2008,3888.1
21/1/2008,3889.9
22/1/2008,3893.6
23/1/2008,3864.6
24/1/2008,3869.2
25/1/2008,3890.9
28/1/2008,3883
29/1/2008,3882.2
30/1/2008,3865.7
31/1/2008,3874.9
1/2/2008,3885.3
4/2/2008,3882.8
5/2/2008,3850.5
6/2/2008,3882
7/2/2008,3918.3
8/2/2008,3881.1
11/2/2008,3890.5
12/2/2008,3893.6
13/2/2008,3886.1
14/2/2008,3887.2
15/2/2008,3858.2
18/2/2008,3856.8
19/2/2008,3860.1
20/2/2008,3860.1
21/2/2008,3854.2
22/2/2008,3885.7
25/2/2008,3885.2
26/2/2008,3879.8
27/2/2008,3842.9
28/2/2008,3829.9
29/2/2008,3840.2
3/3/2008,3835.6
4/3/2008,3842.2
5/3/2008,3884.4
6/3/2008,3884.7
7/3/2008,3885.4
10/3/2008,3885.4
11/3/2008,3875.2
12/3/2008,3870.5
13/3/2008,3841.4
14/3/2008,3839.1
17/3/2008,3828.3
18/3/2008,3888.4
19/3/2008,3902.1
20/3/2008,3827.8
21/3/2008,3829.9
24/3/2008,3850.6
25/3/2008,3842.3
26/3/2008,3859.9
27/3/2008,3882.8
28/3/2008,3829
31/3/2008,3879.3
2/4/2008,3776.5
3/4/2008,3856
4/4/2008,3858.3
7/4/2008,3825.2
8/4/2008,3861.9
9/4/2008,3856.7
10/4/2008,3883.7
11/4/2008,3861.2
14/4/2008,3861.5
15/4/2008,3878.7
16/4/2008,3880
17/4/2008,3886.9
18/4/2008,3881.8
21/4/2008,3883.1
22/4/2008,3878.6
23/4/2008,3854.5
24/4/2008,3861.1
25/4/2008,3857
28/4/2008,3862
29/4/2008,3859.4
30/4/2008,3857.9
2/5/2008,3867.8
5/5/2008,3853.2
6/5/2008,3855.7
7/5/2008,3876.3
8/5/2008,3856.6
9/5/2008,3869.4
12/5/2008,3848.3
13/5/2008,3872.8
14/5/2008,3873
15/5/2008,3889.8
16/5/2008,3884.8
19/5/2008,3888.9
20/5/2008,3888
21/5/2008,3879.8
22/5/2008,3891.2
23/5/2008,3893.1
26/5/2008,3882.7
27/5/2008,3901.9
28/5/2008,3892.1
29/5/2008,3892.1
30/5/2008,3896.1
2/6/2008,3883.2
3/6/2008,3928.4
4/6/2008,3899.5
5/6/2008,3898.1
6/6/2008,3902.2
9/6/2008,3940.2
10/6/2008,3915.7
11/6/2008,3920.6
12/6/2008,3913.1
13/6/2008,3921
16/6/2008,3951.9
17/6/2008,3958.6
18/6/2008,3954.5
19/6/2008,3956.7
20/6/2008,3968.1
23/6/2008,3971.1
24/6/2008,3966.3
25/6/2008,3945.1
26/6/2008,3952.1
27/6/2008,3952.8
30/6/2008,3957.4
2/7/2008,3948.7
3/7/2008,4012
4/7/2008,4009.2
7/7/2008,4095.1
8/7/2008,4093.9
9/7/2008,4105
10/7/2008,4107
11/7/2008,4106.8
14/7/2008,4094.8
15/7/2008,4116.5
16/7/2008,4123.3
17/7/2008,4118.7
18/7/2008,4093.8
21/7/2008,4087.7
22/7/2008,4083.3
23/7/2008,4121
24/7/2008,4095.7
25/7/2008,4096
28/7/2008,4083.5
29/7/2008,4097.1
30/7/2008,4065
31/7/2008,4063
1/8/2008,4068.6
2/8/2008,4068.6
3/8/2008,4067
4/8/2008,4075.4
5/8/2008,4024.1
6/8/2008,4027.8
7/8/2008,4043.3
8/8/2008,4085.7
9/8/2008,4087.6
10/8/2008,4109.8
11/8/2008,4074.4
12/8/2008,4070.8
13/8/2008,4058.8
14/8/2008,4094.6
15/8/2008,4013.2
16/8/2008,4013.2
17/8/2008,4013.2
18/8/2008,4065.5
19/8/2008,4036.9
20/8/2008,4047.6
21/8/2008,4024.2
22/8/2008,4076.1
23/8/2008,4076.1
24/8/2008,4076.1
25/8/2008,4075.3
26/8/2008,4054.7
27/8/2008,4082
28/8/2008,4085.2
29/8/2008,4076.4
1/9/2008,4069.8
2/9/2008,4058
3/9/2008,4055.9
4/9/2008,4126
5/9/2008,4121.8
8/9/2008,4096.2
9/9/2008,4086.5
10/9/2008,4101.5
11/9/2008,4106.8
12/9/2008,4048.8
15/9/2008,4015.8
16/9/2008,4077.1
17/9/2008,4050.5
18/9/2008,4110.6
19/9/2008,4130.9
22/9/2008,3962.7
23/9/2008,4091.4
24/9/2008,4068.7
25/9/2008,4070.8
26/9/2008,4052.1
29/9/2008,4056.6
30/9/2008,4063
1/10/2008,4036.4
2/10/2008,4087.1
3/10/2008,4091.4
6/10/2008,4026
7/10/2008,4071.1
8/10/2008,4098
9/10/2008,4104
10/10/2008,4120.8
13/10/2008,4078.1
14/10/2008,4087.1
15/10/2008,4119.5
16/10/2008,4011.9
17/10/2008,4046.4
20/10/2008,4091.6
21/10/2008,4114.1
22/10/2008,4068.4
23/10/2008,4069.8
24/10/2008,4044.9
27/10/2008,4054.7
28/10/2008,4078.3
29/10/2008,3990
30/10/2008,4113
31/10/2008,4131.7
3/11/2008,4119.7
4/11/2008,4121
5/11/2008,4047.2
6/11/2008,4104.4
7/11/2008,4038.3
10/11/2008,4072.2
11/11/2008,4066
12/11/2008,4031.2
13/11/2008,4023.3
14/11/2008,4065.7
17/11/2008,4027.1
18/11/2008,4021.9
19/11/2008,4060.4
20/11/2008,4001.4
21/11/2008,4007
24/11/2008,3983.4
25/11/2008,3951.5
26/11/2008,4030.8
27/11/2008,4020.9
28/11/2008,4026.4
1/12/2008,4018.1
2/12/2008,4021.3
3/12/2008,3979.5
4/12/2008,3932.6
5/12/2008,3977.1
8/12/2008,3954.5
9/12/2008,3968.4
10/12/2008,3917.1
11/12/2008,3915.6
12/12/2008,3962
15/12/2008,3967.1
16/12/2008,3897
17/12/2008,3894.9
18/12/2008,4094.2
19/12/2008,4023.1
22/12/2008,4010
23/12/2008,4006.4
24/12/2008,3990.1
25/12/2008,3970.4
26/12/2008,3967.5
29/12/2008,4090
30/12/2008,3955.9
31/12/2008,3980.2
1/1/2009,3981.8
2/1/2009,3979
5/1/2009,3976.4
6/1/2009,4003.1
7/1/2009,4047.8
8/1/2009,4062.7
9/1/2009,4064.4
12/1/2009,4067.2
13/1/2009,4077.4
14/1/2009,4056.9
15/1/2009,4054.2
16/1/2009,4041.5
19/1/2009,4105.1
20/1/2009,4090.4
21/1/2009,4080.9
22/1/2009,4068.3
23/1/2009,4077.3
26/1/2009,4062.1
27/1/2009,4058.9
28/1/2009,4094.2
29/1/2009,4125.7
30/1/2009,4135.8
2/2/2009,4069.4
3/2/2009,4069.1
4/2/2009,4077.5
5/2/2009,4088.7
6/2/2009,4085.2
9/2/2009,4059.7
10/2/2009,4097.8
11/2/2009,4050.6
12/2/2009,4062.9
13/2/2009,4043.5
16/2/2009,4044.3
17/2/2009,4069
18/2/2009,4056.2
19/2/2009,4054.5
20/2/2009,4046.4
23/2/2009,4053
24/2/2009,4091.7
25/2/2009,4053.9
26/2/2009,4066.2
27/2/2009,4073.1
2/3/2009,4057.1
3/3/2009,4060
4/3/2009,4050.3
5/3/2009,4055.3
6/3/2009,4050.7
9/3/2009,4014.9
10/3/2009,4046.5
11/3/2009,4045.2
12/3/2009,4039.3
13/3/2009,4041.9
16/3/2009,4065.6
17/3/2009,4056.9
18/3/2009,4039.2
19/3/2009,4040.1
20/3/2009,4032.1
23/3/2009,4025.1
24/3/2009,4030.7
25/3/2009,4058.7
26/3/2009,4025.8
27/3/2009,4041.4
30/3/2009,4021.6
31/3/2009,4023.3
1/4/2009,4057.1
2/4/2009,4021.8
3/4/2009,4019.2
6/4/2009,4021.2
7/4/2009,4077.6
8/4/2009,4028.2
9/4/2009,4031.8
10/4/2009,4081.3
14/4/2009,4009.3
15/4/2009,4003.2
16/4/2009,4006.7
17/4/2009,4034.5
20/4/2009,4063.6
21/4/2009,4052.8
22/4/2009,4061.4
23/4/2009,4052.9
24/4/2009,4061.3
27/4/2009,4058.7
28/4/2009,4066.4
29/4/2009,4075.1
30/4/2009,4071.9
1/5/2009,4078.6
4/5/2009,4070.6
5/5/2009,4071
6/5/2009,4075
7/5/2009,4075.6
8/5/2009,4021.8
11/5/2009,4069.2
12/5/2009,4025.5
13/5/2009,4044.5
14/5/2009,4027.2
15/5/2009,4024.6
18/5/2009,4071.3
19/5/2009,4071.5
20/5/2009,4074.8
21/5/2009,4038.2
22/5/2009,4032.8
25/5/2009,4082.6
26/5/2009,4077.9
27/5/2009,4082.7
28/5/2009,4078.1
29/5/2009,4073.2
2/6/2009,4082.6
3/6/2009,4080.6
4/6/2009,4089.4
5/6/2009,4082.8
8/6/2009,4079.4
9/6/2009,4083.1
10/6/2009,4082.7
11/6/2009,4083.3
12/6/2009,4084.1
15/6/2009,4094
16/6/2009,4086.1
17/6/2009,4094.3
18/6/2009,4061.6
19/6/2009,4101.5
22/6/2009,4107.4
23/6/2009,4131
24/6/2009,4127.9
25/6/2009,4120.8
26/6/2009,4123.2
29/6/2009,4115.7
30/6/2009,4124.1
1/7/2009,4124.7
2/7/2009,4124.4
3/7/2009,4124.9
6/7/2009,4123.5
7/7/2009,4123.1
8/7/2009,4127.6
9/7/2009,4130.4
10/7/2009,4126.6
13/7/2009,4134.4
14/7/2009,4134.8
15/7/2009,4139.2
16/7/2009,4128.9
17/7/2009,4136.6
20/7/2009,4139.8
21/7/2009,4161.2
22/7/2009,4168.6
23/7/2009,4094.2
24/7/2009,4171.7
27/7/2009,4173.9
28/7/2009,4104
29/7/2009,4179.3
30/7/2009,4100.1
31/7/2009,4107.9
3/8/2009,4197.5
4/8/2009,4190.3
5/8/2009,4185.6
6/8/2009,4184.4
7/8/2009,4155
10/8/2009,4088.1
11/8/2009,4071.9
12/8/2009,4109.1
13/8/2009,4122.6
14/8/2009,4098
17/8/2009,4112.6
18/8/2009,4031.4
19/8/2009,4076.5
20/8/2009,4101.2
21/8/2009,4045.8
24/8/2009,4114.7
25/8/2009,4113.1
26/8/2009,4113.8
27/8/2009,4114.4
28/8/2009,4128.3
31/8/2009,4115.1
1/9/2009,4114
2/9/2009,4116
3/9/2009,4108.3
4/9/2009,4052.7
7/9/2009,4111.7
8/9/2009,4112.4
9/9/2009,4116
10/9/2009,4106.1
11/9/2009,4114.6
14/9/2009,4108.5
15/9/2009,4108.2
16/9/2009,4058.2
17/9/2009,4057.4
18/9/2009,4078.7
21/9/2009,4070.8
22/9/2009,4121.5
23/9/2009,4120.9
24/9/2009,4109.9
25/9/2009,4080
28/9/2009,4150.8
29/9/2009,4148.7
30/9/2009,4083.2
1/10/2009,4087.3
2/10/2009,4073.3
5/10/2009,4136.8
6/10/2009,4133.6
7/10/2009,4101
8/10/2009,4113.4
9/10/2009,4085.4
12/10/2009,4121.1
13/10/2009,4092.2
14/10/2009,4124.3
15/10/2009,4125.9
16/10/2009,4087.7
19/10/2009,4087.6
20/10/2009,4132.8
21/10/2009,4138.2
22/10/2009,4135
23/10/2009,4144.1
26/10/2009,4130.7
27/10/2009,4132
28/10/2009,4147.3
29/10/2009,4055.9
30/10/2009,4156
2/11/2009,4088.2
3/11/2009,4087
4/11/2009,4083.4
5/11/2009,4085.1
6/11/2009,4088.5
9/11/2009,4093.8
10/11/2009,4126.2
11/11/2009,4082.8
12/11/2009,4082
13/11/2009,4109.7
16/11/2009,4095.4
17/11/2009,4104.7
18/11/2009,4101.5
19/11/2009,4102.6
20/11/2009,4105
23/11/2009,4081.9
24/11/2009,4088.1
25/11/2009,4107.6
26/11/2009,4102.3
27/11/2009,4097.8
30/11/2009,4090.1
1/12/2009,4094.1
2/12/2009,4113.7
3/12/2009,4102.5
4/12/2009,4097.9
7/12/2009,4073.6
8/12/2009,4080.2
9/12/2009,4079
10/12/2009,4077.4
11/12/2009,4119.9
14/12/2009,4088.6
15/12/2009,4089.2
16/12/2009,4090.6
17/12/2009,4099.3
18/12/2009,4074.2
21/12/2009,4098.5
22/12/2009,4101
23/12/2009,4105.9
24/12/2009,4075.4
28/12/2009,4107
29/12/2009,4116.2
30/12/2009,4115
31/12/2009,4073.8
4/1/2010,4113.8
5/1/2010,4121.6
6/1/2010,4086.8
7/1/2010,4085.5
8/1/2010,4119.1
11/1/2010,4116
12/1/2010,4080.6
13/1/2010,4086.7
14/1/2010,4088
15/1/2010,4088.8
18/1/2010,4088.9
19/1/2010,4113.2
20/1/2010,4115.2
21/1/2010,4111.7
22/1/2010,4121.5
25/1/2010,4125.6
26/1/2010,4119.5
27/1/2010,4119.2
28/1/2010,4084.4
29/1/2010,4119.5
1/2/2010,4085.5
2/2/2010,4122.3
3/2/2010,4120
4/2/2010,4082.3
5/2/2010,4081.6
8/2/2010,4116.7
9/2/2010,4094.2
10/2/2010,4086.4
11/2/2010,4086.2
12/2/2010,4117.3
15/2/2010,4117
16/2/2010,4116.2
17/2/2010,4120.5
18/2/2010,4092.1
19/2/2010,4120.8
22/2/2010,4081.2
23/2/2010,4126.2
24/2/2010,4080.8
25/2/2010,4082.4
26/2/2010,4083
1/3/2010,4109.1
2/3/2010,4089
3/3/2010,4125.6
4/3/2010,4125.5
5/3/2010,4128.1
8/3/2010,4094.2
9/3/2010,4123.8
10/3/2010,4119.6
11/3/2010,4117.2
12/3/2010,4122.6
15/3/2010,4118.5
16/3/2010,4120
17/3/2010,4118.9
18/3/2010,4121.8
19/3/2010,4126.9
22/3/2010,4119.1
23/3/2010,4121.5
24/3/2010,4118.9
25/3/2010,4119.7
26/3/2010,4121.5
29/3/2010,4117.4
30/3/2010,4167
31/3/2010,4167
1/4/2010,4165
2/4/2010,4165
5/4/2010,4167
6/4/2010,4167
7/4/2010,4167
8/4/2010,4167
9/4/2010,4167
12/4/2010,4165
13/4/2010,4167
14/4/2010,4167
15/4/2010,4165
16/4/2010,4175
19/4/2010,4120.5
20/4/2010,4155
21/4/2010,4155
22/4/2010,4155
23/4/2010,4155
26/4/2010,4155
27/4/2010,4157
28/4/2010,4157
29/4/2010,4155
30/4/2010,4177
3/5/2010,4175
4/5/2010,4177
5/5/2010,4170
6/5/2010,4175
7/5/2010,4177
10/5/2010,4175
11/5/2010,4175
12/5/2010,4175
13/5/2010,4177
14/5/2010,4175
17/5/2010,4070.3
18/5/2010,4175
19/5/2010,4047.9
20/5/2010,4000
21/5/2010,4190
24/5/2010,4202
25/5/2010,4052
26/5/2010,4200
27/5/2010,4200
28/5/2010,4198
31/5/2010,4145.6
1/6/2010,4200
2/6/2010,4200
3/6/2010,4200
4/6/2010,4200
7/6/2010,4200
8/6/2010,4210
9/6/2010,4210
10/6/2010,4210
11/6/2010,4205
14/6/2010,4205
15/6/2010,4205
16/6/2010,4200
17/6/2010,4205
18/6/2010,4205
21/6/2010,4200
22/6/2010,4202
23/6/2010,4205
24/6/2010,4202
25/6/2010,4212
28/6/2010,4200
29/6/2010,4200
30/6/2010,4202
1/7/2010,4212
2/7/2010,4212
5/7/2010,4187.1
6/7/2010,4212
7/7/2010,4220
8/7/2010,4220
9/7/2010,4186.2
12/7/2010,4210
13/7/2010,4210
14/7/2010,4222
15/7/2010,4222
16/7/2010,4222
19/7/2010,4222
20/7/2010,4220
21/7/2010,4222
22/7/2010,4220
23/7/2010,4220
26/7/2010,4154
27/7/2010,4155
28/7/2010,4220
29/7/2010,4222
30/7/2010,4225
2/8/2010,4222
3/8/2010,4220
4/8/2010,4222
5/8/2010,4222
6/8/2010,4222
9/8/2010,4220
10/8/2010,4220
11/8/2010,4225
12/8/2010,4225
13/8/2010,4227
16/8/2010,4182.6
17/8/2010,4183.4
18/8/2010,4181.8
19/8/2010,4146.8
20/8/2010,4178.4
23/8/2010,4152.8
24/8/2010,4148.7
25/8/2010,4151
26/8/2010,4151.1
27/8/2010,4147.9
30/8/2010,4150.6
31/8/2010,4151.3
1/9/2010,4235
2/9/2010,4228
3/9/2010,4225
6/9/2010,4171.1
7/9/2010,4225
8/9/2010,4227
9/9/2010,4149.1
10/9/2010,4225
13/9/2010,4227
14/9/2010,4222
15/9/2010,4215
16/9/2010,4215
17/9/2010,4212
20/9/2010,4212
21/9/2010,4210
22/9/2010,4210
23/9/2010,4210
24/9/2010,4212
27/9/2010,4210
28/9/2010,4210
29/9/2010,4212
30/9/2010,4175.1
1/10/2010,4210
4/10/2010,4212
5/10/2010,4210
6/10/2010,4210
7/10/2010,4212
8/10/2010,4212
11/10/2010,4153.9
12/10/2010,4212
13/10/2010,4212
14/10/2010,4212
15/10/2010,4210
18/10/2010,4210
19/10/2010,4212
20/10/2010,4212
21/10/2010,4212
22/10/2010,4212
25/10/2010,4210
26/10/2010,4212
27/10/2010,4210
28/10/2010,4210
29/10/2010,4212
1/11/2010,4210
2/11/2010,4212
3/11/2010,4210
4/11/2010,4160
5/11/2010,4092.9
8/11/2010,4058
9/11/2010,4060
10/11/2010,4058
11/11/2010,4062
12/11/2010,4106
15/11/2010,4052
16/11/2010,4050
17/11/2010,3999.6
18/11/2010,4050
19/11/2010,4058
22/11/2010,4065
23/11/2010,4060
24/11/2010,4060
25/11/2010,4004.7
26/11/2010,4060
29/11/2010,4055
30/11/2010,4048
1/12/2010,4048
2/12/2010,4045
3/12/2010,4050
6/12/2010,4055
7/12/2010,4055
8/12/2010,4050
9/12/2010,4050
10/12/2010,4052
13/12/2010,4050
14/12/2010,4045
15/12/2010,4050
16/12/2010,4055
17/12/2010,4045
20/12/2010,4040
21/12/2010,4050
22/12/2010,4045
23/12/2010,4045
24/12/2010,4045
27/12/2010,4040
28/12/2010,4035
29/12/2010,4038
30/12/2010,4040
31/12/2010,4030
3/1/2011,4038
4/1/2011,4038
5/1/2011,4040
6/1/2011,4035
7/1/2011,4040
10/1/2011,4038
11/1/2011,3955.8
12/1/2011,4040
13/1/2011,4040
14/1/2011,4040
17/1/2011,4040
18/1/2011,4035
19/1/2011,4040
20/1/2011,3975.5
21/1/2011,3937.3
24/1/2011,4040
25/1/2011,4035
26/1/2011,4035
27/1/2011,3962.1
28/1/2011,3959.3
31/1/2011,4042
1/2/2011,4040
2/2/2011,4037
3/2/2011,4038
4/2/2011,4038
7/2/2011,4040
8/2/2011,4036
9/2/2011,4037
10/2/2011,4035
11/2/2011,4035
14/2/2011,4030
15/2/2011,4020
16/2/2011,4020
17/2/2011,4020
18/2/2011,4020
21/2/2011,3947
22/2/2011,4020
23/2/2011,4025
24/2/2011,4015
25/2/2011,4022
28/2/2011,4025
1/3/2011,4025
2/3/2011,4030
3/3/2011,4015
4/3/2011,4010
7/3/2011,4012
8/3/2011,4010
9/3/2011,4008
10/3/2011,4010
11/3/2011,4010
14/3/2011,4008
15/3/2011,4010
16/3/2011,4010
17/3/2011,4010
18/3/2011,4010
21/3/2011,4005
22/3/2011,4018
23/3/2011,4008
24/3/2011,4008
25/3/2011,4008
28/3/2011,4008
29/3/2011,4005
30/3/2011,4010
31/3/2011,4008
1/4/2011,4005
3/4/2011,3909.5
4/4/2011,3920.5
5/4/2011,4008
6/4/2011,3965
7/4/2011,3960
8/4/2011,3965
9/4/2011,3883.1
11/4/2011,3975
12/4/2011,3895.1
13/4/2011,3965
14/4/2011,3965
15/4/2011,3960
17/4/2011,3898.2
18/4/2011,3955
19/4/2011,3975
20/4/2011,3990
21/4/2011,3980
24/4/2011,3953
25/4/2011,3990
26/4/2011,4010
27/4/2011,4005
28/4/2011,4010
29/4/2011,4010
30/4/2011,4006.3
2/5/2011,4005
3/5/2011,4010
4/5/2011,4010
5/5/2011,4010
6/5/2011,4010
7/5/2011,3952.3
9/5/2011,4012
10/5/2011,4000
11/5/2011,4005
12/5/2011,4005
13/5/2011,4005
15/5/2011,3981.9
16/5/2011,4010
17/5/2011,3934.8
18/5/2011,4005
19/5/2011,4015
20/5/2011,4020
21/5/2011,4038.1
23/5/2011,4040
24/5/2011,4032.5
25/5/2011,4070
26/5/2011,4080
27/5/2011,4070
28/5/2011,3991.6
30/5/2011,4031.1
31/5/2011,4065
1/6/2011,4070
2/6/2011,4070
3/6/2011,4075
5/6/2011,4001.4
6/6/2011,4077
7/6/2011,4080
8/6/2011,4078
9/6/2011,4080
10/6/2011,4078
11/6/2011,4037.2
13/6/2011,4075
14/6/2011,4031.8
15/6/2011,4080
16/6/2011,4075
17/6/2011,4080
18/6/2011,4029.1
20/6/2011,4080
21/6/2011,4080
22/6/2011,4078
23/6/2011,4078
24/6/2011,4064.2
25/6/2011,4060.7
27/6/2011,4090
28/6/2011,4090
29/6/2011,4090
30/6/2011,4043.7
1/7/2011,4115
2/7/2011,4049.2
4/7/2011,4055.9
5/7/2011,4108
6/7/2011,4106
7/7/2011,4110
8/7/2011,4110
10/7/2011,4039.7
11/7/2011,4088
12/7/2011,4088
13/7/2011,4090
14/7/2011,4090
15/7/2011,4085
16/7/2011,4029.7
18/7/2011,4100
19/7/2011,4029.1
20/7/2011,4091
21/7/2011,4090
22/7/2011,4090
24/7/2011,4049.4
25/7/2011,4090
26/7/2011,4090
27/7/2011,4090
28/7/2011,4085
29/7/2011,4088
30/7/2011,3991.7
1/8/2011,4034.8
2/8/2011,4028.3
3/8/2011,4043.2
4/8/2011,4064.8
5/8/2011,4033.2
6/8/2011,4035.4
8/8/2011,4031.1
9/8/2011,4061.4
10/8/2011,4025.8
11/8/2011,4028.6
15/8/2011,3977.7
16/8/2011,4012.1
17/8/2011,4060.8
18/8/2011,4057
19/8/2011,4080
20/8/2011,4033.9
22/8/2011,4077
23/8/2011,4077
24/8/2011,4077
25/8/2011,4077
26/8/2011,4073
27/8/2011,4020.7
29/8/2011,4080
30/8/2011,4075
31/8/2011,4077
1/9/2011,4075
2/9/2011,4080
3/9/2011,4019.4
5/9/2011,4023.3
6/9/2011,4085
7/9/2011,4089
8/9/2011,4087
9/9/2011,4081
11/9/2011,4056.7
12/9/2011,4080
13/9/2011,4008.2
14/9/2011,4067
15/9/2011,4057
16/9/2011,4055
19/9/2011,3981.4
20/9/2011,4060
21/9/2011,4058
22/9/2011,4060
23/9/2011,4008.8
24/9/2011,3993.5
26/9/2011,4062
27/9/2011,4060
28/9/2011,4060
29/9/2011,4058
30/9/2011,4070
3/10/2011,4058
4/10/2011,3954.7
5/10/2011,4078
6/10/2011,4088
7/10/2011,4098
9/10/2011,4034.6
10/10/2011,4025.8
11/10/2011,4013.3
12/10/2011,4090
13/10/2011,4088
14/10/2011,4090
15/10/2011,3996.2
17/10/2011,4090
18/10/2011,4090
19/10/2011,4078
20/10/2011,4080
21/10/2011,4088
22/10/2011,3972.5
24/10/2011,4090
25/10/2011,4088
26/10/2011,4008.2
27/10/2011,4090
28/10/2011,4080
31/10/2011,4010.2
1/11/2011,4010.2
2/11/2011,4007.8
3/11/2011,4009.8
4/11/2011,4090
5/11/2011,4036.8
7/11/2011,4047
8/11/2011,4048
9/11/2011,4050
10/11/2011,4048
11/11/2011,4050
13/11/2011,3941.4
14/11/2011,4056.5
15/11/2011,3975.1
16/11/2011,3972.4
17/11/2011,3981
18/11/2011,3970.1
19/11/2011,3986.6
21/11/2011,3962
22/11/2011,3966.7
23/11/2011,3961.5
24/11/2011,3967.3
25/11/2011,3961.9
26/11/2011,3962.4
1/12/2011,4019
2/12/2011,4019
3/12/2011,3984.4
4/12/2011,3990.3
5/12/2011,4018
6/12/2011,4015
7/12/2011,4018
8/12/2011,4018
9/12/2011,4017
10/12/2011,3965.2
12/12/2011,4017
13/12/2011,4019
14/12/2011,4012
15/12/2011,4010
16/12/2011,4010
18/12/2011,3956.3
19/12/2011,4010
20/12/2011,4014
21/12/2011,3963.6
22/12/2011,4027
23/12/2011,4030
24/12/2011,3974.6
27/12/2011,4029
28/12/2011,4028
29/12/2011,4028
30/12/2011,4030
31/12/2011,3948.5
2/1/2012,3954.9
3/1/2012,4040
4/1/2012,4038
5/1/2012,4030
6/1/2012,4030
7/1/2012,4009.2
9/1/2012,4030
10/1/2012,4030
11/1/2012,4028
12/1/2012,4028
13/1/2012,4188
14/1/2012,4016.3
16/1/2012,4108.4
17/1/2012,4188
18/1/2012,4190
19/1/2012,3977.9
20/1/2012,4218
21/1/2012,3983.2
23/1/2012,4250
24/1/2012,4238
25/1/2012,4238
26/1/2012,4288
27/1/2012,4285
28/1/2012,3981.5
30/1/2012,3992
31/1/2012,4280
1/2/2012,4280
2/2/2012,4278
3/2/2012,4048
4/2/2012,4013.7
6/2/2012,4037
7/2/2012,4030
8/2/2012,3961.8
9/2/2012,4038
10/2/2012,4038
11/2/2012,3982.5
12/2/2012,3982.5
13/2/2012,4020
14/2/2012,4010
15/2/2012,4008
16/2/2012,4005
17/2/2012,4010
18/2/2012,3925.9
19/2/2012,3925.9
20/2/2012,3942.4
21/2/2012,4008
22/2/2012,4005
23/2/2012,4005
24/2/2012,4005
25/2/2012,3943
27/2/2012,4000
28/2/2012,4005
29/2/2012,4005
1/3/2012,4000
2/3/2012,4000
3/3/2012,3934.6
4/3/2012,3934.6
5/3/2012,4001
6/3/2012,4000
7/3/2012,4005
8/3/2012,4005
9/3/2012,4000
12/3/2012,4001
13/3/2012,4003
14/3/2012,3995
15/3/2012,3995
16/3/2012,3995
17/3/2012,3910.4
19/3/2012,3993
20/3/2012,3990
21/3/2012,3994
22/3/2012,3992
23/3/2012,3991
24/3/2012,3919.6
25/3/2012,3919.9
26/3/2012,3992
27/3/2012,3993
28/3/2012,3987
29/3/2012,3980
30/3/2012,3976
31/3/2012,3915.9
2/4/2012,3976
3/4/2012,3975
4/4/2012,3980
5/4/2012,3980
6/4/2012,3978
7/4/2012,3921.3
8/4/2012,3921.3
9/4/2012,3975
10/4/2012,3975
11/4/2012,3970
12/4/2012,3970
13/4/2012,3977
14/4/2012,3947.7
15/4/2012,3946.2
16/4/2012,3979
17/4/2012,3980
18/4/2012,3977
19/4/2012,3977
20/4/2012,3979
22/4/2012,3938
23/4/2012,4001
24/4/2012,4015
25/4/2012,4017
26/4/2012,3982.2
27/4/2012,4016
29/4/2012,3966.9
30/4/2012,4010
1/5/2012,4010
2/5/2012,4008
3/5/2012,4025
4/5/2012,4029
5/5/2012,3984
6/5/2012,3983.3
7/5/2012,4006
8/5/2012,3965.9
9/5/2012,4006
10/5/2012,4005
11/5/2012,4000
12/5/2012,3970
13/5/2012,3970
14/5/2012,4006
15/5/2012,4009
16/5/2012,4010
17/5/2012,3979
18/5/2012,4010
19/5/2012,3947.4
21/5/2012,3972.8
22/5/2012,3987.5
23/5/2012,4040.4
24/5/2012,3992.6
25/5/2012,4033.8
27/5/2012,4032.7
28/5/2012,4017.6
29/5/2012,4018
30/5/2012,4022.2
31/5/2012,4013.9
1/6/2012,3967.1
3/6/2012,3967.1
4/6/2012,3949.1
5/6/2012,3965.5
6/6/2012,3973.4
7/6/2012,4035.7
8/6/2012,3996
9/6/2012,3995.7
10/6/2012,3996
11/6/2012,4056.4
12/6/2012,4037
13/6/2012,4012.2
14/6/2012,4004.5
15/6/2012,4008.8
16/6/2012,4010
18/6/2012,4032.9
19/6/2012,3995
20/6/2012,4015
21/6/2012,4062.9
22/6/2012,4016.5
23/6/2012,4015.8
24/6/2012,4015.8
25/6/2012,4016.2
26/6/2012,4022.2
27/6/2012,4038.4
28/6/2012,4030.3
29/6/2012,4005
30/6/2012,4005.3
2/7/2012,4036.9
3/7/2012,4016
4/7/2012,4028.1
5/7/2012,4054
6/7/2012,4062.4
7/7/2012,4061.8
9/7/2012,4005.8
10/7/2012,4029.6
11/7/2012,4049.8
12/7/2012,4029.5
13/7/2012,4016.5
14/7/2012,4016.7
16/7/2012,4002.7
17/7/2012,3999
18/7/2012,3992.6
19/7/2012,4019.1
20/7/2012,4036
21/7/2012,4036
23/7/2012,4038
24/7/2012,4041.6
25/7/2012,4028
26/7/2012,4012.1
27/7/2012,4027.8
29/7/2012,4028.8
30/7/2012,3997.1
31/7/2012,3990.9
1/8/2012,4022.9
2/8/2012,4024.7
3/8/2012,3963.7
4/8/2012,3964
6/8/2012,3983.2
7/8/2012,3999.2
8/8/2012,3990.1
9/8/2012,4032
10/8/2012,3982.5
11/8/2012,3981.9
13/8/2012,3971.9
14/8/2012,3997.4
15/8/2012,4017
16/8/2012,4019
17/8/2012,3995.8
18/8/2012,3995.7
19/8/2012,3995.7
20/8/2012,3979.1
22/8/2012,3968.3
23/8/2012,3989
24/8/2012,3993.9
25/8/2012,3993.4
27/8/2012,3997.5
28/8/2012,3981.8
29/8/2012,3997.4
30/8/2012,3999.8
31/8/2012,3990.7
1/9/2012,3991.1
2/9/2012,3991.1
3/9/2012,3976.7
4/9/2012,3988.2
5/9/2012,3964.8
6/9/2012,3976.7
7/9/2012,3943.7
8/9/2012,3944.2
10/9/2012,3992.6
11/9/2012,3966.4
12/9/2012,3990.8
13/9/2012,3960.3
14/9/2012,3976.5
15/9/2012,3976.2
17/9/2012,3987.5
18/9/2012,3991.7
19/9/2012,3972.5
20/9/2012,3980.2
21/9/2012,3992.1
22/9/2012,3993.1
24/9/2012,3976.8
25/9/2012,3986.4
26/9/2012,3981.3
27/9/2012,3966.9
28/9/2012,4000.7
29/9/2012,4000.6
1/10/2012,3983.9
2/10/2012,3980.8
3/10/2012,3953.5
4/10/2012,3934.9
5/10/2012,3947.7
7/10/2012,3947.2
8/10/2012,3946.4
9/10/2012,4009
10/10/2012,3947.9
11/10/2012,3946.6
12/10/2012,3957
13/10/2012,3956.3
14/10/2012,3956.3
15/10/2012,3956.2
16/10/2012,3928.3
17/10/2012,3953.8
18/10/2012,3965.4
19/10/2012,4003
20/10/2012,3960.5
21/10/2012,3960.5
22/10/2012,3959.4
23/10/2012,4009
24/10/2012,3951.7
25/10/2012,4019
26/10/2012,3948
27/10/2012,3947.4
29/10/2012,3958.8
30/10/2012,3946.9
31/10/2012,3968.7
1/11/2012,3954.6
2/11/2012,4019
3/11/2012,3961.8
4/11/2012,3961.1
5/11/2012,3944.7
6/11/2012,4017
7/11/2012,3936.1
8/11/2012,3921.8
9/11/2012,3922.2
10/11/2012,3922.7
11/11/2012,3923.2
12/11/2012,3926.8
13/11/2012,3925
14/11/2012,3917.5
15/11/2012,3911.5
16/11/2012,3915.1
17/11/2012,3913.5
19/11/2012,3922
20/11/2012,3921.1
21/11/2012,3915.3
22/11/2012,3921.3
23/11/2012,3897
24/11/2012,3896.1
26/11/2012,3907.5
27/11/2012,3922.3
28/11/2012,3961
29/11/2012,3921.6
30/11/2012,3925.5
1/12/2012,3925.2
3/12/2012,3912.1
4/12/2012,3916.1
5/12/2012,3922.8
6/12/2012,3948.2
7/12/2012,3919.9
8/12/2012,3919.8
10/12/2012,3909.8
11/12/2012,3915
12/12/2012,3905.7
13/12/2012,3910.6
14/12/2012,3898.7
15/12/2012,3898.5
17/12/2012,3918.4
18/12/2012,3907
19/12/2012,3939.6
20/12/2012,3924.2
21/12/2012,3924.9
24/12/2012,3931
25/12/2012,3931.6
26/12/2012,3919
27/12/2012,3951
28/12/2012,3953
29/12/2012,3909.4
31/12/2012,3916.5
1/1/2013,3912.5
2/1/2013,3939.8
3/1/2013,3957
4/1/2013,3899.8
5/1/2013,3959
7/1/2013,3893.8
8/1/2013,3932.9
9/1/2013,3917.7
10/1/2013,3868.3
11/1/2013,3894
12/1/2013,3893.9
14/1/2013,3916.8
15/1/2013,3935.5
16/1/2013,3977
17/1/2013,3901.1
18/1/2013,3918.1
19/1/2013,3917
20/1/2013,3917
21/1/2013,3905.4
22/1/2013,3912.7
23/1/2013,3914.5
24/1/2013,3892.9
25/1/2013,3898.4
26/1/2013,3898.8
28/1/2013,3904.6
29/1/2013,3890.5
30/1/2013,3901.5
31/1/2013,3900
1/2/2013,3908
3/2/2013,3908.3
4/2/2013,3920.8
5/2/2013,3900.9
6/2/2013,3910.3
7/2/2013,3959.6
8/2/2013,3921.7
9/2/2013,3920.9
11/2/2013,3901.9
12/2/2013,3904.1
13/2/2013,3920.9
14/2/2013,3959
15/2/2013,3897.2
16/2/2013,3897.2
18/2/2013,3906.2
19/2/2013,3892.1
20/2/2013,3933.6
21/2/2013,3904.4
22/2/2013,3899.7
23/2/2013,3900
25/2/2013,3967.5
26/2/2013,3909.4
27/2/2013,3898.5
28/2/2013,3924.3
1/3/2013,3905.5
2/3/2013,3904.5
4/3/2013,3900.5
5/3/2013,3901
6/3/2013,3926.8
7/3/2013,3880.4
8/3/2013,3938.3
9/3/2013,3938.3
11/3/2013,3894.5
12/3/2013,3900.3
13/3/2013,3967
14/3/2013,3879
15/3/2013,3900.9
16/3/2013,3900.9
18/3/2013,3903.6
19/3/2013,3929.9
20/3/2013,3898.3
21/3/2013,3912.1
22/3/2013,3893.6
23/3/2013,3893.6
25/3/2013,3947.4
26/3/2013,3903.4
27/3/2013,3901.9
28/3/2013,3903.1
29/3/2013,3902.9
30/3/2013,3902.9
1/4/2013,3851
2/4/2013,3908.3
3/4/2013,3897.5
4/4/2013,3866.6
5/4/2013,3904.8
7/4/2013,3884.1
8/4/2013,3908.9
9/4/2013,3892.8
10/4/2013,3915.5
11/4/2013,3913.2
12/4/2013,3892.3
13/4/2013,3892.3
14/4/2013,3892.3
15/4/2013,3916.1
16/4/2013,3884
17/4/2013,3938.3
18/4/2013,3932.4
19/4/2013,3917.1
21/4/2013,3917.3
22/4/2013,3898.5
23/4/2013,3901
24/4/2013,3907.2
25/4/2013,3925
26/4/2013,3898
27/4/2013,3899.1
28/4/2013,3899.1
29/4/2013,3902.3
30/4/2013,3879.6
1/5/2013,3914.2
2/5/2013,3938.8
3/5/2013,3908.2
4/5/2013,3907.2
5/5/2013,3981
6/5/2013,3914.1
7/5/2013,3919.5
8/5/2013,3897.6
9/5/2013,3941
10/5/2013,3907
11/5/2013,3906.8
13/5/2013,3908.2
14/5/2013,3916.6
15/5/2013,3898.9
16/5/2013,3899
17/5/2013,3911.4
18/5/2013,3911.3
19/5/2013,3911.3
20/5/2013,3897.5
21/5/2013,3892.7
22/5/2013,3929
23/5/2013,3891.7
24/5/2013,3913.9
25/5/2013,3913.9
27/5/2013,3908.6
28/5/2013,3927.7
29/5/2013,3902.9
30/5/2013,4057
31/5/2013,3905
1/6/2013,4059
2/6/2013,3904.1
3/6/2013,4057
4/6/2013,3907.4
5/6/2013,4059
6/6/2013,3867.6
7/6/2013,4059
8/6/2013,3915.2
9/6/2013,3915.2
10/6/2013,4057
11/6/2013,3895.8
12/6/2013,3891.6
13/6/2013,3896.1
14/6/2013,4035
15/6/2013,3899.5
16/6/2013,3899.5
17/6/2013,3901.4
18/6/2013,3903.8
19/6/2013,4052.9
20/6/2013,4013.6
21/6/2013,4049.1
22/6/2013,4048.8
23/6/2013,4048.8
24/6/2013,4015.9
25/6/2013,4035.5
26/6/2013,4023.6
27/6/2013,4015
28/6/2013,4038.4
29/6/2013,4038.3
30/6/2013,4038.3
1/7/2013,4041
2/7/2013,3919.8
3/7/2013,4043
4/7/2013,3932.8
5/7/2013,3921.2
6/7/2013,3920
7/7/2013,3920
8/7/2013,4041
9/7/2013,3986.5
10/7/2013,3912.1
11/7/2013,3953.4
12/7/2013,3958.7
13/7/2013,3959.1
14/7/2013,3959.1
15/7/2013,3924.5
16/7/2013,3893.4
17/7/2013,3970.5
18/7/2013,3957.3
19/7/2013,3952.2
20/7/2013,3950.6
22/7/2013,3959.7
23/7/2013,3948.1
24/7/2013,3971.8
25/7/2013,3993.4
26/7/2013,4015
27/7/2013,4015.3
28/7/2013,4015.3
29/7/2013,4027.4
30/7/2013,4023.5
31/7/2013,4007.1
1/8/2013,4025.9
2/8/2013,4062
3/8/2013,3997.9
4/8/2013,3997.9
5/8/2013,4028.8
6/8/2013,4020.3
7/8/2013,4014.9
8/8/2013,4022.6
9/8/2013,4036.4
10/8/2013,4060
12/8/2013,4023
13/8/2013,4037
14/8/2013,4018.8
15/8/2013,4002.8
16/8/2013,4025
17/8/2013,4025
18/8/2013,4025
19/8/2013,4029.2
20/8/2013,4009.2
21/8/2013,4029.5
22/8/2013,4006.2
23/8/2013,4009.8
24/8/2013,4009.2
25/8/2013,4009.2
26/8/2013,4021.6
27/8/2013,4007.5
28/8/2013,4024.3
29/8/2013,4027.1
30/8/2013,4026.6
31/8/2013,4026
2/9/2013,4032.2
3/9/2013,4024.5
4/9/2013,4014.6
5/9/2013,4049.4
6/9/2013,3995.6
7/9/2013,3995
8/9/2013,3995
9/9/2013,3989.5
10/9/2013,3999.1
11/9/2013,3986.5
12/9/2013,4009.3
13/9/2013,3931.2
14/9/2013,3929.8
15/9/2013,3929.8
16/9/2013,4010.1
17/9/2013,4008.6
18/9/2013,3959.4
19/9/2013,3939.8
20/9/2013,4008.1
21/9/2013,4008.9
22/9/2013,4008.9
23/9/2013,4015.3
24/9/2013,3966.3
25/9/2013,4007.6
26/9/2013,3991.2
27/9/2013,4004.7
29/9/2013,4004.7
30/9/2013,3993.4
1/10/2013,4005.5
2/10/2013,3985.2
3/10/2013,3980.6
4/10/2013,3997.5
5/10/2013,3997.5
6/10/2013,3997.5
7/10/2013,4060
8/10/2013,4007
9/10/2013,4000.9
10/10/2013,4005.4
11/10/2013,4012.6
12/10/2013,4012.6
14/10/2013,3996
15/10/2013,4058
16/10/2013,4007.5
17/10/2013,3989.6
18/10/2013,3800
19/10/2013,4011.8
20/10/2013,4011.8
21/10/2013,4001.5
22/10/2013,4058
23/10/2013,4058
24/10/2013,4058
25/10/2013,4058
26/10/2013,3988.9
27/10/2013,3988.9
28/10/2013,3975.7
29/10/2013,4048
30/10/2013,3975.8
31/10/2013,3984.8
1/11/2013,3962
2/11/2013,3962
4/11/2013,3937.5
5/11/2013,3938.4
6/11/2013,3920.4
7/11/2013,3949.3
8/11/2013,4001
10/11/2013,3844.6
11/11/2013,3923.9
12/11/2013,4000
13/11/2013,3903.4
14/11/2013,3918.8
15/11/2013,3917.3
17/11/2013,3917
18/11/2013,3981
19/11/2013,3977
20/11/2013,3983
21/11/2013,3981
22/11/2013,3980
23/11/2013,3924.7
25/11/2013,3980
26/11/2013,3986
27/11/2013,3981
28/11/2013,3936
29/11/2013,3985
30/11/2013,3942.3
1/12/2013,3942.3
2/12/2013,3986
3/12/2013,3979
4/12/2013,3977
5/12/2013,3975
6/12/2013,3975
7/12/2013,3977
8/12/2013,3918.8
9/12/2013,3975
10/12/2013,3976
11/12/2013,3977
12/12/2013,3977
13/12/2013,3975
14/12/2013,3910.9
15/12/2013,3910.9
16/12/2013,3977
17/12/2013,3973
18/12/2013,3975
19/12/2013,3973
20/12/2013,3979
21/12/2013,3923.2
22/12/2013,3923.2
23/12/2013,3977
24/12/2013,3977
26/12/2013,3975
27/12/2013,3975
28/12/2013,3971.3
29/12/2013,3971.3
30/12/2013,3970
31/12/2013,3970
1/1/2014,3903.2
2/1/2014,3973
3/1/2014,3973
4/1/2014,3955.5
5/1/2014,3955.5
6/1/2014,3971
7/1/2014,3975
8/1/2014,3977
9/1/2014,3971
10/1/2014,3973
11/1/2014,3907.9
12/1/2014,3907.9
13/1/2014,3971
14/1/2014,3973
15/1/2014,3973
16/1/2014,3975
17/1/2014,3973
18/1/2014,3943.6
19/1/2014,3943.6
20/1/2014,3926.4
21/1/2014,3971
22/1/2014,3971
23/1/2014,3971
24/1/2014,3971
25/1/2014,3940.3
26/1/2014,3940.3
27/1/2014,3973
28/1/2014,3971
29/1/2014,3971
30/1/2014,3973
31/1/2014,3977
1/2/2014,3944
2/2/2014,3944
3/2/2014,3975
4/2/2014,3979
5/2/2014,3971
6/2/2014,3971
7/2/2014,3977
8/2/2014,3896.5
9/2/2014,3896.5
10/2/2014,3965
11/2/2014,3960
12/2/2014,3953
13/2/2014,3906.3
14/2/2014,3953
15/2/2014,3882.9
16/2/2014,3882.9
17/2/2014,3911.8
18/2/2014,3960
19/2/2014,3953
20/2/2014,3950
21/2/2014,3953
22/2/2014,3902
23/2/2014,3902
24/2/2014,3961
25/2/2014,3961
26/2/2014,3961
27/2/2014,3960
28/2/2014,3963
1/3/2014,3905.4
2/3/2014,3905.4
3/3/2014,3961
4/3/2014,3963
5/3/2014,3962
6/3/2014,3962
7/3/2014,3961
8/3/2014,3927.7
9/3/2014,3927.7
10/3/2014,3977
11/3/2014,3977
12/3/2014,3975
13/3/2014,3971
14/3/2014,3973
15/3/2014,3914.2
16/3/2014,3914.2
17/3/2014,3970
18/3/2014,3971
19/3/2014,3971
20/3/2014,3973
21/3/2014,3971
22/3/2014,3923.8
23/3/2014,3923.8
24/3/2014,3977
25/3/2014,3977
26/3/2014,3973
27/3/2014,3971
28/3/2014,3980
29/3/2014,3922.3
31/3/2014,3985
1/4/2014,3985
2/4/2014,3927
3/4/2014,3980
4/4/2014,3983
5/4/2014,3924.5
6/4/2014,3924.5
7/4/2014,3987
8/4/2014,3986
9/4/2014,3985
10/4/2014,3889
11/4/2014,3885
12/4/2014,3936
13/4/2014,3936
14/4/2014,3880
15/4/2014,3880
16/4/2014,3883
17/4/2014,3881
18/4/2014,3987
19/4/2014,3938.3
20/4/2014,3938.3
21/4/2014,3987
22/4/2014,3987
23/4/2014,3987
24/4/2014,3985
25/4/2014,3977
28/4/2014,3987
29/4/2014,3987
30/4/2014,3985
1/5/2014,3985
2/5/2014,3980
5/5/2014,3987
6/5/2014,3980
7/5/2014,3977
8/5/2014,3979
9/5/2014,3975
12/5/2014,4003
13/5/2014,3990
14/5/2014,3993
15/5/2014,3993
16/5/2014,3993
17/5/2014,3958.7
19/5/2014,3995
20/5/2014,3991
21/5/2014,3993
22/5/2014,3993
23/5/2014,4001
26/5/2014,3970
27/5/2014,4001
28/5/2014,4003
29/5/2014,4003
30/5/2014,4006
2/6/2014,4006
3/6/2014,4001
4/6/2014,4005
5/6/2014,4005
6/6/2014,4006
8/6/2014,3988.1
9/6/2014,4010
10/6/2014,4005
11/6/2014,4021
12/6/2014,4006
13/6/2014,4006
16/6/2014,4005
17/6/2014,4006
18/6/2014,4010
19/6/2014,4006
20/6/2014,4005
23/6/2014,4005
24/6/2014,4019
25/6/2014,4010
26/6/2014,4015
27/6/2014,4006
30/6/2014,4010
1/7/2014,4011
2/7/2014,4011
3/7/2014,4009
4/7/2014,3978.6
7/7/2014,4021
8/7/2014,4015
9/7/2014,4020
10/7/2014,4015
11/7/2014,4018
14/7/2014,4010
15/7/2014,4009
16/7/2014,4017
17/7/2014,4020
18/7/2014,4016
20/7/2014,3978.3
21/7/2014,4027
22/7/2014,4030
23/7/2014,4028
24/7/2014,4025
25/7/2014,4029
28/7/2014,4030
29/7/2014,4033
30/7/2014,4030
31/7/2014,4027
1/8/2014,4019
4/8/2014,4017
5/8/2014,4017
6/8/2014,4019
7/8/2014,4029
8/8/2014,4030
11/8/2014,4036
12/8/2014,4033
13/8/2014,4030
14/8/2014,4030
15/8/2014,4027
18/8/2014,3990.2
19/8/2014,3988.3
20/8/2014,3983
21/8/2014,3982.5
22/8/2014,3992.4
25/8/2014,3985.5
26/8/2014,3994.2
27/8/2014,3979.2
28/8/2014,3991.6
29/8/2014,4010.7
31/8/2014,4011
1/9/2014,3996.4
2/9/2014,3989.2
3/9/2014,3994.7
4/9/2014,4052.6
5/9/2014,3993.9
8/9/2014,4045
9/9/2014,3976.9
10/9/2014,4055
11/9/2014,4050
12/9/2014,3991.4
13/9/2014,3990.6
15/9/2014,4035
16/9/2014,3990.4
17/9/2014,4030
18/9/2014,3981
19/9/2014,4012.1
20/9/2014,4011.8
22/9/2014,4007.4
23/9/2014,4021.5
24/9/2014,4030.5
25/9/2014,4051
26/9/2014,4021.7
27/9/2014,4021.6
28/9/2014,4021.6
29/9/2014,4049
30/9/2014,3994.8
1/10/2014,4006.7
2/10/2014,4049
3/10/2014,4039.9
4/10/2014,4039.6
6/10/2014,3958.6
7/10/2014,3969.4
8/10/2014,4051
9/10/2014,4027.1
10/10/2014,4016.1
11/10/2014,4016.4
12/10/2014,4016.4
13/10/2014,3985.3
14/10/2014,4002.4
15/10/2014,3946.3
16/10/2014,3984.9
17/10/2014,4046
20/10/2014,4045
21/10/2014,4016.9
22/10/2014,4040
23/10/2014,4039
24/10/2014,3997.9
25/10/2014,3998.1
27/10/2014,3996.1
28/10/2014,3987.2
29/10/2014,4029.3
30/10/2014,4001
31/10/2014,4016.4
1/11/2014,4016.4
2/11/2014,4016.4
3/11/2014,4046
4/11/2014,3985.4
5/11/2014,3989.8
6/11/2014,4029.9
7/11/2014,3964
10/11/2014,4004.5
11/11/2014,3972.4
12/11/2014,3991.8
13/11/2014,3981.3
14/11/2014,3956.4
15/11/2014,3956.6
16/11/2014,3956.6
17/11/2014,3993.8
18/11/2014,4023
19/11/2014,4020
20/11/2014,3975.3
21/11/2014,4033
24/11/2014,3966
25/11/2014,3965.2
26/11/2014,3964.9
27/11/2014,3986.1
28/11/2014,3984.5
1/12/2014,4017
2/12/2014,4001.6
3/12/2014,4031
4/12/2014,4031
5/12/2014,4043
8/12/2014,4040
9/12/2014,4041
10/12/2014,4037
11/12/2014,4040
12/12/2014,4041
15/12/2014,4039
16/12/2014,4040
17/12/2014,4030
18/12/2014,4025
19/12/2014,4025
22/12/2014,4031
23/12/2014,4035
24/12/2014,4035
26/12/2014,4033
27/12/2014,4031
29/12/2014,4039
30/12/2014,4040
31/12/2014,4037
1/1/2015,3993.8
2/1/2015,4027
5/1/2015,4029
6/1/2015,4047
7/1/2015,4055
8/1/2015,4055
9/1/2015,4051
12/1/2015,4045
13/1/2015,4051
14/1/2015,4047
15/1/2015,4045
16/1/2015,4051
19/1/2015,3973.5
20/1/2015,4035
21/1/2015,4041
22/1/2015,4043
23/1/2015,3960.1
26/1/2015,4040
27/1/2015,4041
28/1/2015,4041
29/1/2015,4041
30/1/2015,4037
2/2/2015,4037
3/2/2015,4030
4/2/2015,4025
5/2/2015,4025
6/2/2015,4037
9/2/2015,4043
10/2/2015,4040
11/2/2015,4040
12/2/2015,4035
13/2/2015,4035
16/2/2015,3972.4
17/2/2015,4035
18/2/2015,4010
19/2/2015,4010
20/2/2015,4015
23/2/2015,4010
24/2/2015,4020
25/2/2015,4015
26/2/2015,4019
27/2/2015,4020
2/3/2015,4020
3/3/2015,4020
4/3/2015,4027
5/3/2015,4011
6/3/2015,4025
9/3/2015,4005
10/3/2015,4017.8
11/3/2015,4015
12/3/2015,4003
13/3/2015,4006
16/3/2015,4004
17/3/2015,3991
18/3/2015,3990
19/3/2015,3993
20/3/2015,3990
23/3/2015,3995
24/3/2015,3995
25/3/2015,3993
26/3/2015,3990
27/3/2015,3991
30/3/2015,3991
31/3/2015,3919.9
1/4/2015,4005
2/4/2015,3893.2
3/4/2015,3990
6/4/2015,3990
7/4/2015,3993
8/4/2015,3990
9/4/2015,3995
10/4/2015,3993
13/4/2015,3990
14/4/2015,3990
15/4/2015,3993
16/4/2015,3891.7
17/4/2015,3995
19/4/2015,3917.4
20/4/2015,3985
21/4/2015,3985
22/4/2015,3981
23/4/2015,3980
24/4/2015,3980
26/4/2015,3917.6
27/4/2015,3991
28/4/2015,3990
29/4/2015,3985
30/4/2015,3987
1/5/2015,3985
4/5/2015,4027
5/5/2015,4030
6/5/2015,4035
7/5/2015,4033
8/5/2015,4029
11/5/2015,4025
12/5/2015,4025
13/5/2015,4020
14/5/2015,3937
15/5/2015,4015
18/5/2015,4015
19/5/2015,4015.2
20/5/2015,4060
21/5/2015,4060
22/5/2015,4055
25/5/2015,3957.6
26/5/2015,4060
27/5/2015,4061
28/5/2015,4060
29/5/2015,4060
1/6/2015,4063
2/6/2015,4063
3/6/2015,4061
4/6/2015,4063
5/6/2015,4061
8/6/2015,4060
9/6/2015,4061
10/6/2015,4070
11/6/2015,4071
12/6/2015,4081
15/6/2015,4080
16/6/2015,4083
17/6/2015,4084
18/6/2015,4080
19/6/2015,3961.4
22/6/2015,4080
23/6/2015,4080
24/6/2015,4083
25/6/2015,4081
26/6/2015,4065
29/6/2015,4069
30/6/2015,4083
1/7/2015,4088
2/7/2015,3974.3
3/7/2015,4085
6/7/2015,4089
7/7/2015,4085
8/7/2015,4087
9/7/2015,4081
10/7/2015,4081
13/7/2015,4087
14/7/2015,4080
15/7/2015,4079
16/7/2015,4083
17/7/2015,4081
19/7/2015,3997.3
20/7/2015,4080
21/7/2015,4083
22/7/2015,4086
23/7/2015,4088
24/7/2015,4084
27/7/2015,4085
28/7/2015,4085
29/7/2015,4089
30/7/2015,4095
31/7/2015,4100
3/8/2015,4100
4/8/2015,4101
5/8/2015,4101
6/8/2015,4100
7/8/2015,4100
10/8/2015,4105
11/8/2015,4110
12/8/2015,4105
13/8/2015,4080
14/8/2015,4077
17/8/2015,4009.4
18/8/2015,4005.8
19/8/2015,3986.7
20/8/2015,4014.4
21/8/2015,4015
24/8/2015,4011.7
25/8/2015,4007.9
26/8/2015,4012.7
27/8/2015,4012.3
28/8/2015,4012.6
31/8/2015,4013
1/9/2015,4016.3
2/9/2015,4018.5
3/9/2015,4054.5
4/9/2015,4012.9
7/9/2015,4075
8/9/2015,4080
9/9/2015,4055
10/9/2015,4055
11/9/2015,4050
14/9/2015,4070
15/9/2015,4071
16/9/2015,4073
17/9/2015,4071
18/9/2015,4060
21/9/2015,4065
22/9/2015,4067
23/9/2015,4060
24/9/2015,4061
25/9/2015,4061
28/9/2015,4060
29/9/2015,4060
30/9/2015,4060
1/10/2015,4060
2/10/2015,4060
5/10/2015,4055
6/10/2015,3967.2
7/10/2015,4055
8/10/2015,4051
9/10/2015,4053
11/10/2015,4000.8
12/10/2015,3969.5
13/10/2015,4025
14/10/2015,4020
15/10/2015,4020
16/10/2015,4021
19/10/2015,4021
20/10/2015,4020
21/10/2015,4027
22/10/2015,4024
23/10/2015,4021
26/10/2015,4015
27/10/2015,4010
28/10/2015,4031
29/10/2015,4031
30/10/2015,4030
2/11/2015,4020
3/11/2015,4025
4/11/2015,4024
5/11/2015,4015
6/11/2015,4015
9/11/2015,3972.7
10/11/2015,4010
11/11/2015,3935.5
12/11/2015,3910.7
13/11/2015,4010
16/11/2015,4017
17/11/2015,3959.6
18/11/2015,4013
19/11/2015,3946.7
20/11/2015,3958.7
23/11/2015,3941.5
24/11/2015,3937.2
25/11/2015,3924.4
26/11/2015,3937.5
27/11/2015,3946.7
30/11/2015,4005
1/12/2015,3940
2/12/2015,3957.2
3/12/2015,3824.8
4/12/2015,3967.7
7/12/2015,3922.7
8/12/2015,3946.1
9/12/2015,3923
10/12/2015,4010
11/12/2015,3949.2
14/12/2015,3949.1
15/12/2015,3987
16/12/2015,3963.5
17/12/2015,3959.8
18/12/2015,4024
21/12/2015,3941.5
22/12/2015,3952.4
23/12/2015,3967.1
24/12/2015,3952.7
25/12/2015,3947.8
28/12/2015,3966.6
29/12/2015,3978.3
30/12/2015,4020
31/12/2015,3975.4
1/1/2016,3974.5
4/1/2016,3992
5/1/2016,3965.2
6/1/2016,3950.9
7/1/2016,4027
8/1/2016,3940.6
11/1/2016,3964
12/1/2016,3949.3
13/1/2016,3931.2
14/1/2016,3954.1
15/1/2016,3947.8
18/1/2016,3954.5
19/1/2016,3933.2
20/1/2016,3979.8
21/1/2016,3966.1
22/1/2016,3965.4
23/1/2016,3965.4
25/1/2016,3936.4
26/1/2016,3933.5
27/1/2016,3941.3
28/1/2016,3938.9
29/1/2016,3976.3
1/2/2016,3936.5
2/2/2016,3945.8
3/2/2016,3889.2
4/2/2016,4010
5/2/2016,4005
8/2/2016,4005
9/2/2016,3918.1
10/2/2016,4005
11/2/2016,3952.2
12/2/2016,3961.4
14/2/2016,3961.4
15/2/2016,3990
16/2/2016,3991
17/2/2016,3938
18/2/2016,3927
19/2/2016,3914
20/2/2016,3914
22/2/2016,3955.7
23/2/2016,3980
24/2/2016,3899.9
25/2/2016,3926.5
26/2/2016,3956.7
29/2/2016,3921.5
1/3/2016,3922.5
2/3/2016,3970
3/3/2016,3892.6
4/3/2016,3900.8
7/3/2016,3907.6
8/3/2016,3910.9
9/3/2016,3909.4
10/3/2016,3909
11/3/2016,3901.2
14/3/2016,3916.4
15/3/2016,3970
16/3/2016,3868.7
17/3/2016,3917
18/3/2016,3914.3
19/3/2016,3914.3
21/3/2016,3980
22/3/2016,3981
23/3/2016,3981
24/3/2016,3980
25/3/2016,3981
28/3/2016,3980
29/3/2016,3981
30/3/2016,3916.3
31/3/2016,3981
1/4/2016,3980
4/4/2016,3980
5/4/2016,3985
6/4/2016,3911.3
7/4/2016,3933.1
8/4/2016,3980
11/4/2016,3980
12/4/2016,3980
13/4/2016,3980
14/4/2016,3981
15/4/2016,3980
18/4/2016,3981
19/4/2016,3980
20/4/2016,3980
21/4/2016,3948.5
22/4/2016,3970
25/4/2016,3979
26/4/2016,3979
27/4/2016,3938.8
28/4/2016,4025
29/4/2016,4025
30/4/2016,3961.1
2/5/2016,3959.2
3/5/2016,4007.1
4/5/2016,4040
5/5/2016,4040
6/5/2016,4040
7/5/2016,4039
9/5/2016,4040
10/5/2016,4040
11/5/2016,4041
12/5/2016,4040
13/5/2016,4040
16/5/2016,3992
17/5/2016,4050
18/5/2016,4040
19/5/2016,4040
20/5/2016,4041
23/5/2016,4041
24/5/2016,4040
25/5/2016,4040
26/5/2016,4040
27/5/2016,4040
30/5/2016,3995.2
31/5/2016,4056
1/6/2016,4050
2/6/2016,4050
3/6/2016,4050
6/6/2016,4061
7/6/2016,4061
8/6/2016,4060
9/6/2016,4060
10/6/2016,4060
13/6/2016,4055
14/6/2016,4057
15/6/2016,3975.9
16/6/2016,4061
17/6/2016,4006.3
19/6/2016,3981.9
20/6/2016,3996.1
21/6/2016,4017.7
22/6/2016,3974.4
23/6/2016,4000
24/6/2016,3967.9
27/6/2016,4055
28/6/2016,4001.9
29/6/2016,3980.8
30/6/2016,4009.5
1/7/2016,3989.4
2/7/2016,3989.4
4/7/2016,3982.3
5/7/2016,4025.5
6/7/2016,4060
7/7/2016,4004.2
8/7/2016,4061
9/7/2016,4003.1
11/7/2016,4060
12/7/2016,4060
13/7/2016,3989.3
14/7/2016,3987.7
15/7/2016,4032.5
16/7/2016,4032.5
18/7/2016,3983.6
19/7/2016,4008.1
20/7/2016,3993.6
21/7/2016,3991
22/7/2016,4060
25/7/2016,3994.1
26/7/2016,4003.6
27/7/2016,4075
28/7/2016,4002.1
29/7/2016,3977.4
30/7/2016,3977.4
1/8/2016,4075
2/8/2016,4002.6
3/8/2016,4030.6
4/8/2016,4071
5/8/2016,4071
8/8/2016,4070
9/8/2016,4071
10/8/2016,4071
11/8/2016,4070
12/8/2016,4008.6
15/8/2016,4079
16/8/2016,4070
17/8/2016,4075
18/8/2016,4002.8
19/8/2016,4011.2
22/8/2016,4075
23/8/2016,4022.4
24/8/2016,4017.5
25/8/2016,4080
26/8/2016,4045.3
27/8/2016,4045.3
28/8/2016,4046.6
29/8/2016,4009.2
30/8/2016,4019.4
31/8/2016,4006.6
1/9/2016,3995.4
2/9/2016,4020.9
5/9/2016,4015.6
6/9/2016,4090
7/9/2016,4075
8/9/2016,4080
9/9/2016,4081
11/9/2016,4022.1
12/9/2016,4007.2
13/9/2016,4086
14/9/2016,4003.6
15/9/2016,4080
16/9/2016,4037.3
17/9/2016,4037.3
19/9/2016,4006.6
20/9/2016,4022.5
21/9/2016,4081
22/9/2016,4023.1
23/9/2016,4081
24/9/2016,4008.1
26/9/2016,4085
27/9/2016,4020.7
28/9/2016,4009.6
29/9/2016,4009.1
30/9/2016,3981.7
1/10/2016,4075
3/10/2016,4056.1
4/10/2016,4065
5/10/2016,4068
6/10/2016,4021.7
7/10/2016,3983.8
10/10/2016,4015.3
11/10/2016,4015
12/10/2016,4000.1
13/10/2016,4051
14/10/2016,4019.4
15/10/2016,4019.4
17/10/2016,4051
18/10/2016,4003
19/10/2016,4051
20/10/2016,4008.2
21/10/2016,3992.3
22/10/2016,3992.3
24/10/2016,3999.9
25/10/2016,3984.4
26/10/2016,3994.3
27/10/2016,4000.1
28/10/2016,3969.7
31/10/2016,3978.5
1/11/2016,4031
2/11/2016,3989.1
3/11/2016,4025
4/11/2016,3966.3
7/11/2016,3971.8
8/11/2016,3986.8
9/11/2016,4039.5
10/11/2016,3936
11/11/2016,3961.8
12/11/2016,3961.8
13/11/2016,3961.8
14/11/2016,3971
15/11/2016,3987.3
16/11/2016,3986.1
17/11/2016,3998.3
18/11/2016,3970.4
19/11/2016,3970.4
21/11/2016,4005
22/11/2016,4000
23/11/2016,3987.6
24/11/2016,3967.4
25/11/2016,3961.6
26/11/2016,3961.6
28/11/2016,3960.3
29/11/2016,3943.7
30/11/2016,4010
1/12/2016,3943.9
2/12/2016,3951.3
5/12/2016,3964.6
6/12/2016,3966.5
7/12/2016,3949.5
8/12/2016,4026
9/12/2016,3966.7
10/12/2016,3966.7
11/12/2016,3965.7
12/12/2016,4006
13/12/2016,4005
14/12/2016,4003.9
15/12/2016,4015
16/12/2016,4010
17/12/2016,3957.6
19/12/2016,3956.2
20/12/2016,3949.8
21/12/2016,4020
22/12/2016,3953.7
23/12/2016,4020
24/12/2016,4021
26/12/2016,3947.8
27/12/2016,3943.2
28/12/2016,3945.6
29/12/2016,3932.9
30/12/2016,3962.7
2/1/2017,3952.3
3/1/2017,3944.5
4/1/2017,3928
5/1/2017,3907.2
6/1/2017,4030
9/1/2017,3927.1
10/1/2017,3956.2
11/1/2017,3924.7
12/1/2017,3961.7
13/1/2017,4021
16/1/2017,3943.1
17/1/2017,3947.2
18/1/2017,3967.1
19/1/2017,4010
20/1/2017,4005
22/1/2017,3922.5
23/1/2017,4015
24/1/2017,4019
25/1/2017,4017
26/1/2017,3966
27/1/2017,3948.1
28/1/2017,3948.1
29/1/2017,3947.4
30/1/2017,4010
31/1/2017,4015
1/2/2017,4019
2/2/2017,4015
3/2/2017,3928.8
4/2/2017,3928.8
6/2/2017,4015
7/2/2017,4015
8/2/2017,3928.8
9/2/2017,3953.3
10/2/2017,4000
11/2/2017,3942.9
13/2/2017,4001
14/2/2017,4001
15/2/2017,3990
16/2/2017,3920.4
17/2/2017,3991
18/2/2017,3946.3
20/2/2017,3940.4
21/2/2017,3990
22/2/2017,3990
23/2/2017,3995
24/2/2017,3980
25/2/2017,3951.4
27/2/2017,3981
28/2/2017,3981
1/3/2017,3987
2/3/2017,3935.7
3/3/2017,3975
4/3/2017,3881.2
5/3/2017,3881
6/3/2017,3980
7/3/2017,3981
8/3/2017,3981
9/3/2017,3922.1
10/3/2017,3980
13/3/2017,3983
14/3/2017,3981
15/3/2017,3981
16/3/2017,3878.3
17/3/2017,3895.2
18/3/2017,3895.2
20/3/2017,3907.1
21/3/2017,3973
22/3/2017,3923.6
23/3/2017,3901.5
24/3/2017,3899.9
27/3/2017,3985
28/3/2017,3987
29/3/2017,3989
30/3/2017,3925.4
31/3/2017,3989
3/4/2017,3987
4/4/2017,3989
5/4/2017,3990
6/4/2017,3924.9
7/4/2017,3991
8/4/2017,3932
10/4/2017,3990
11/4/2017,3917.8
12/4/2017,3991
13/4/2017,3890
14/4/2017,3927.2
17/4/2017,3914.8
18/4/2017,3894.4
19/4/2017,3924.3
20/4/2017,3933
21/4/2017,3912.4
24/4/2017,3930.5
25/4/2017,4004
26/4/2017,4005
27/4/2017,4005
28/4/2017,3953.9
29/4/2017,3953.9
1/5/2017,4015
2/5/2017,4012
3/5/2017,3965.2
4/5/2017,3937.6
5/5/2017,4011
8/5/2017,3967.8
9/5/2017,3966
10/5/2017,4021
11/5/2017,4021
12/5/2017,4025
15/5/2017,4020
16/5/2017,3942.4
17/5/2017,3941.3
18/5/2017,3975.9
19/5/2017,4031
20/5/2017,3947.3
22/5/2017,4035
23/5/2017,4040
24/5/2017,3957.6
25/5/2017,3972.8
26/5/2017,4040
29/5/2017,3989.4
30/5/2017,4045
31/5/2017,3972.6
1/6/2017,3987.5
2/6/2017,3959.7
3/6/2017,3959.7
5/6/2017,3977.7
6/6/2017,3978
7/6/2017,4060
8/6/2017,3997.1
9/6/2017,3980.1
12/6/2017,4051
13/6/2017,4050
14/6/2017,4050
15/6/2017,4051
16/6/2017,4051
19/6/2017,4009.9
20/6/2017,4060
21/6/2017,4080
22/6/2017,4081
23/6/2017,3991.6
24/6/2017,3991.6
25/6/2017,3991.4
26/6/2017,3999.1
27/6/2017,4070
28/6/2017,3998.6
29/6/2017,3994
30/6/2017,4070
3/7/2017,4007.9
4/7/2017,4000.3
5/7/2017,3994.3
6/7/2017,4071
7/7/2017,4071
8/7/2017,4009.5
10/7/2017,4002.6
11/7/2017,3980.7
12/7/2017,4070
13/7/2017,3999.4
14/7/2017,3983.9
17/7/2017,3997
18/7/2017,4080
19/7/2017,4008.3
20/7/2017,3963.6
21/7/2017,4004.3
24/7/2017,4016.5
25/7/2017,4081
26/7/2017,4081
27/7/2017,4018.2
28/7/2017,3999.8
31/7/2017,4081
1/8/2017,4081
2/8/2017,4081
3/8/2017,4003
4/8/2017,4051.9
7/8/2017,4020.3
8/8/2017,4043
9/8/2017,4014.5
10/8/2017,4007.1
11/8/2017,4004
14/8/2017,4013.2
15/8/2017,4036.3
16/8/2017,4010.4
17/8/2017,4027.4
18/8/2017,4030.4
21/8/2017,4013.3
22/8/2017,4024.2
23/8/2017,4003
24/8/2017,4060
25/8/2017,3921.5
28/8/2017,4041
29/8/2017,4040
30/8/2017,3984.1
31/8/2017,3951.6
1/9/2017,3984
4/9/2017,3970
5/9/2017,4041
6/9/2017,3965.5
7/9/2017,3952.1
8/9/2017,4041
11/9/2017,3985.9
12/9/2017,4040
13/9/2017,4041
14/9/2017,4040
15/9/2017,3972.7
18/9/2017,3976.6
19/9/2017,4051
20/9/2017,4050
21/9/2017,3964.6
22/9/2017,3980.9
25/9/2017,4051
26/9/2017,3971.7
27/9/2017,3968.5
28/9/2017,4040
29/9/2017,3989.4
2/10/2017,3966.1
3/10/2017,3975.9
4/10/2017,3972.7
5/10/2017,3976.1
6/10/2017,3956.9
7/10/2017,3955.8
9/10/2017,3966.5
10/10/2017,4040
11/10/2017,3943.2
12/10/2017,4030
13/10/2017,3955.4
16/10/2017,3962.8
17/10/2017,3951.1
18/10/2017,3936.2
19/10/2017,3944.3
20/10/2017,4029
23/10/2017,3955.3
24/10/2017,4027
25/10/2017,3943.6
26/10/2017,4020.4
27/10/2017,3960.1
30/10/2017,3949.7
31/10/2017,3959.3
1/11/2017,3960.3
2/11/2017,3952.6
3/11/2017,3968.9
6/11/2017,3945
7/11/2017,3942.4
8/11/2017,4029
9/11/2017,3952.8
10/11/2017,4025
11/11/2017,3939.5
13/11/2017,4027
14/11/2017,3921.2
15/11/2017,3972.4
16/11/2017,4020
17/11/2017,3945.1
18/11/2017,3945.1
20/11/2017,3962.5
21/11/2017,4017
22/11/2017,3925.2
23/11/2017,3954.3
24/11/2017,3934.2
27/11/2017,3960.6
28/11/2017,3968
29/11/2017,3947.9
30/11/2017,3931.9
1/12/2017,3952.1
2/12/2017,3952.1
4/12/2017,4020
5/12/2017,3968.8
6/12/2017,3955.4
7/12/2017,4021
8/12/2017,3940.7
9/12/2017,3940.7
11/12/2017,4020
12/12/2017,3965.9
13/12/2017,3924.3
14/12/2017,3971.4
15/12/2017,3970.5
18/12/2017,3954.6
19/12/2017,4019
20/12/2017,4019
21/12/2017,3957.8
22/12/2017,3949.1
25/12/2017,3945.7
26/12/2017,3950.6
27/12/2017,3951.6
28/12/2017,4030
29/12/2017,4030
30/12/2017,3947.8
1/1/2018,3944.2
2/1/2018,4021
3/1/2018,3952.3
4/1/2018,3946.7
5/1/2018,4020
8/1/2018,4020
9/1/2018,3952.2
10/1/2018,4021
11/1/2018,4015
12/1/2018,4015
13/1/2018,3914.1
15/1/2018,3942.2
16/1/2018,4010
17/1/2018,3948.7
18/1/2018,3941.9
19/1/2018,4011
20/1/2018,3958.4
22/1/2018,4000
23/1/2018,4000
24/1/2018,4001
25/1/2018,4000
26/1/2018,4005
29/1/2018,4000
30/1/2018,4001
31/1/2018,4001
1/2/2018,4001
2/2/2018,4001
5/2/2018,4001
6/2/2018,4001
7/2/2018,4005
8/2/2018,4005
9/2/2018,4000
12/2/2018,4001
13/2/2018,4001
14/2/2018,4001
15/2/2018,3998
16/2/2018,3990
19/2/2018,3931.6
20/2/2018,3990
21/2/2018,3990
22/2/2018,3990
23/2/2018,3990
24/2/2018,3939
25/2/2018,3939
26/2/2018,3990
27/2/2018,3990
28/2/2018,4000
1/3/2018,3991
2/3/2018,3983
5/3/2018,3981
6/3/2018,3981
7/3/2018,3991
8/3/2018,3991
9/3/2018,3992
12/3/2018,3991
13/3/2018,3990
14/3/2018,3988
15/3/2018,3988
16/3/2018,3986
19/3/2018,3980
20/3/2018,3970
21/3/2018,3970
22/3/2018,3922.8
23/3/2018,3985
24/3/2018,3907.9
26/3/2018,3985
27/3/2018,3985
28/3/2018,3985
29/3/2018,3990
30/3/2018,3990
1/4/2018,3916.4
2/4/2018,3991
3/4/2018,3990
4/4/2018,3992
5/4/2018,3991
6/4/2018,3998
9/4/2018,3907.4
10/4/2018,3991
11/4/2018,3997
12/4/2018,3995
13/4/2018,4006
16/4/2018,4006
17/4/2018,4005
18/4/2018,4011
19/4/2018,4010
20/4/2018,4010
21/4/2018,3940.1
23/4/2018,4008
24/4/2018,4010
25/4/2018,4011
26/4/2018,4015
27/4/2018,4022
30/4/2018,4020
1/5/2018,4021
2/5/2018,4021
3/5/2018,4021
4/5/2018,4039
5/5/2018,3966.3
7/5/2018,4040
8/5/2018,4045
9/5/2018,4046
10/5/2018,4045
11/5/2018,4040
13/5/2018,3965.7
14/5/2018,4041
15/5/2018,4040
16/5/2018,3980.8
17/5/2018,3976.3
18/5/2018,3975.4
19/5/2018,3972
21/5/2018,4050
22/5/2018,4051
23/5/2018,4056
24/5/2018,4055
25/5/2018,4051
28/5/2018,3988.3
29/5/2018,4055
30/5/2018,4055
31/5/2018,4060
1/6/2018,4065
2/6/2018,3998.5
4/6/2018,4065
5/6/2018,4065
6/6/2018,4066
7/6/2018,4065
8/6/2018,4055
9/6/2018,3969.6
11/6/2018,3967.1
12/6/2018,4040
13/6/2018,4041
14/6/2018,4051
15/6/2018,4050
18/6/2018,4050
19/6/2018,4045
20/6/2018,4045
21/6/2018,4046
22/6/2018,4045
25/6/2018,4045
26/6/2018,4040
27/6/2018,4050
28/6/2018,4051
29/6/2018,4050
2/7/2018,4051
3/7/2018,4050
4/7/2018,3973.2
5/7/2018,4040
6/7/2018,4040
7/7/2018,3956.4
9/7/2018,4045
10/7/2018,4042
11/7/2018,4041
12/7/2018,4040
13/7/2018,4042
16/7/2018,4045
17/7/2018,4046
18/7/2018,4047
19/7/2018,4047
20/7/2018,4049
21/7/2018,3946
22/7/2018,3946
23/7/2018,3971.2
24/7/2018,3972.1
25/7/2018,3976.2
26/7/2018,3969.5
27/7/2018,3982
30/7/2018,4050
31/7/2018,4040
1/8/2018,4050
2/8/2018,4055
3/8/2018,4056
6/8/2018,4061
7/8/2018,4061
8/8/2018,4060
9/8/2018,4060
10/8/2018,4060
13/8/2018,4063
14/8/2018,4060
15/8/2018,4061
16/8/2018,4061
17/8/2018,4061
20/8/2018,4061
21/8/2018,4061
22/8/2018,4060
23/8/2018,4060
24/8/2018,3973.3
27/8/2018,3989.1
28/8/2018,3994
29/8/2018,3997.3
30/8/2018,3995
31/8/2018,4007.5
3/9/2018,4002.2
4/9/2018,4004.4
5/9/2018,4002.6
6/9/2018,3988.6
7/9/2018,3995.3
10/9/2018,4066
11/9/2018,4081
12/9/2018,4085
13/9/2018,4090
14/9/2018,4091
17/9/2018,4090
18/9/2018,4089
19/9/2018,4088
20/9/2018,4090
21/9/2018,4090
22/9/2018,4007.4
24/9/2018,4018.7
25/9/2018,4091
26/9/2018,4075
27/9/2018,4071
28/9/2018,4070
1/10/2018,4070
2/10/2018,4066
3/10/2018,4065
4/10/2018,4060
5/10/2018,4066
6/10/2018,3980.3
7/10/2018,3980.3
8/10/2018,3984.9
9/10/2018,4061
10/10/2018,4065
11/10/2018,4061
12/10/2018,4063
15/10/2018,4060
16/10/2018,4060
17/10/2018,4061
18/10/2018,4057
19/10/2018,4047
22/10/2018,4051
23/10/2018,4051
24/10/2018,4045
25/10/2018,4051
26/10/2018,4051
28/10/2018,3963.8
29/10/2018,4050
30/10/2018,4050
31/10/2018,4041
1/11/2018,4041
2/11/2018,4031
5/11/2018,4026
6/11/2018,4025
7/11/2018,4026
8/11/2018,4020
9/11/2018,4020
12/11/2018,3990.6
13/11/2018,4020
14/11/2018,4025
15/11/2018,4026
16/11/2018,4025
17/11/2018,3917.3
19/11/2018,4025
20/11/2018,4025
21/11/2018,4025
22/11/2018,3953.5
23/11/2018,4025
24/11/2018,3959.3
26/11/2018,4026
27/11/2018,4026
28/11/2018,4021
29/11/2018,4021
30/11/2018,4021
1/12/2018,3961.8
3/12/2018,4016
4/12/2018,4015
5/12/2018,4013
6/12/2018,4010
7/12/2018,4010
10/12/2018,4013
11/12/2018,4013
12/12/2018,4010
13/12/2018,4010
14/12/2018,4005
17/12/2018,4000
18/12/2018,4000
19/12/2018,4000
20/12/2018,4005
21/12/2018,4000
24/12/2018,4000
25/12/2018,3931.7
26/12/2018,4000
27/12/2018,4005
28/12/2018,4000
29/12/2018,4005
31/12/2018,4005
1/1/2019,3921.1
2/1/2019,3990
3/1/2019,3990
4/1/2019,3995
7/1/2019,3990
8/1/2019,3991
9/1/2019,3927.6
10/1/2019,3995
11/1/2019,3995
14/1/2019,3995
15/1/2019,3990
16/1/2019,3990
17/1/2019,3990
18/1/2019,3990
21/1/2019,3925
22/1/2019,3991
23/1/2019,3990
24/1/2019,3990
25/1/2019,3991
26/1/2019,3907.2
28/1/2019,3985
29/1/2019,3990
30/1/2019,3993
31/1/2019,3938.2
1/2/2019,3990
4/2/2019,3990
5/2/2019,3990
6/2/2019,3991
7/2/2019,3991
8/2/2019,3991
9/2/2019,3923.2
11/2/2019,3981
12/2/2019,3980
13/2/2019,3975
14/2/2019,3975
15/2/2019,3975
16/2/2019,3995
17/2/2019,3995
18/2/2019,3909.5
19/2/2019,3983
20/2/2019,3983
21/2/2019,3975
22/2/2019,3975
23/2/2019,3923.3
24/2/2019,3923.3
25/2/2019,3970
26/2/2019,3975
27/2/2019,3975
28/2/2019,3685
1/3/2019,3685
2/3/2019,3850
3/3/2019,3850
4/3/2019,3680
5/3/2019,3680
6/3/2019,3973
7/3/2019,3679
8/3/2019,3675
9/3/2019,3842.5
10/3/2019,3897.9
11/3/2019,3675
12/3/2019,3979
13/3/2019,3973
14/3/2019,3971
15/3/2019,3971
16/3/2019,3990
17/3/2019,3990
18/3/2019,3927.8
19/3/2019,3970
20/3/2019,3980
21/3/2019,3980
22/3/2019,3977
23/3/2019,3926.2
24/3/2019,4014.5
25/3/2019,3983
26/3/2019,3985
27/3/2019,3992
28/3/2019,4000
29/3/2019,4000
30/3/2019,4015
31/3/2019,4015
1/4/2019,4000
2/4/2019,4005
3/4/2019,4005
4/4/2019,4010
5/4/2019,4011
6/4/2019,4026
7/4/2019,4026
8/4/2019,4012
9/4/2019,4012
10/4/2019,4005
11/4/2019,3955.5
12/4/2019,4021
13/4/2019,3950.5
14/4/2019,3950.5
15/4/2019,4021
16/4/2019,4021
17/4/2019,4020
18/4/2019,4023
19/4/2019,4020
20/4/2019,4030
21/4/2019,4030
22/4/2019,4030
23/4/2019,4031
24/4/2019,4032
25/4/2019,4037
26/4/2019,4037
27/4/2019,3947.8
28/4/2019,4037.35
29/4/2019,4041
30/4/2019,4040
1/5/2019,4040
2/5/2019,4045
3/5/2019,4050
4/5/2019,4060
5/5/2019,4060
6/5/2019,4051
7/5/2019,4050
8/5/2019,4050
9/5/2019,4047
10/5/2019,4050
11/5/2019,4055
12/5/2019,4055
13/5/2019,4050
14/5/2019,4045
15/5/2019,4048
16/5/2019,4048
17/5/2019,4050
18/5/2019,4060
19/5/2019,4060
20/5/2019,4050
21/5/2019,4046
22/5/2019,3970.6
23/5/2019,4051
24/5/2019,4050
25/5/2019,3954.3
26/5/2019,4043.55
27/5/2019,3963.5
28/5/2019,4047
29/5/2019,4049
30/5/2019,4049
31/5/2019,4050
1/6/2019,4057.5
2/6/2019,3953.7
3/6/2019,4050
4/6/2019,4050
5/6/2019,4050
6/6/2019,4050
7/6/2019,4049
8/6/2019,4064
9/6/2019,4064
10/6/2019,4065
11/6/2019,4060
12/6/2019,4061
13/6/2019,4057
14/6/2019,4050
15/6/2019,3995.7
16/6/2019,4084.7
17/6/2019,4070
18/6/2019,4071
19/6/2019,4070
20/6/2019,4066
21/6/2019,4065
22/6/2019,4077.5
23/6/2019,4077.5
24/6/2019,4070
25/6/2019,4055
26/6/2019,4055
27/6/2019,4050
28/6/2019,4050
29/6/2019,4070
30/6/2019,4070
1/7/2019,4019.5
2/7/2019,4057
3/7/2019,4060
4/7/2019,3983.9
5/7/2019,4060
6/7/2019,4070
7/7/2019,4070
8/7/2019,4070
9/7/2019,4071
10/7/2019,4070
11/7/2019,4071
12/7/2019,4075
13/7/2019,4082.5
14/7/2019,4082.5
15/7/2019,4075
16/7/2019,3990.7
17/7/2019,4070
18/7/2019,4070
19/7/2019,4072
20/7/2019,3992.8
21/7/2019,4081.8
22/7/2019,4073
23/7/2019,4071
24/7/2019,4072
25/7/2019,4070
26/7/2019,4075
27/7/2019,4085
28/7/2019,4085
29/7/2019,4077
30/7/2019,4073
31/7/2019,4072
1/8/2019,4070
2/8/2019,4070
3/8/2019,4080
4/8/2019,4080
5/8/2019,4083
6/8/2019,4077
7/8/2019,4081
8/8/2019,4083
9/8/2019,4080
10/8/2019,4090
11/8/2019,4090
12/8/2019,4004.1
13/8/2019,3997.2
14/8/2019,3991
15/8/2019,3990.6
16/8/2019,3989.1
17/8/2019,4079.35
18/8/2019,4079.35
19/8/2019,3993.4
20/8/2019,3994.1
21/8/2019,3990.5
22/8/2019,3992.8
23/8/2019,3994.7
24/8/2019,3928.6
25/8/2019,4017.55
26/8/2019,4081
27/8/2019,4139.5
28/8/2019,4090
29/8/2019,4080
30/8/2019,4080
31/8/2019,4090
1/9/2019,4090
2/9/2019,3997.5
3/9/2019,4085
4/9/2019,4080
5/9/2019,4081
6/9/2019,4082
7/9/2019,3973.1
8/9/2019,4062.9
9/9/2019,3998.7
10/9/2019,4090
11/9/2019,4090
12/9/2019,4014.4
13/9/2019,4100
14/9/2019,4110
15/9/2019,4110
16/9/2019,4095
17/9/2019,4096
18/9/2019,4090
19/9/2019,4096
20/9/2019,4090
21/9/2019,4110
22/9/2019,4110
23/9/2019,4085
24/9/2019,4085
25/9/2019,4090
26/9/2019,4087
27/9/2019,4086
28/9/2019,4007.8
29/9/2019,4099.2
30/9/2019,4015.5
1/10/2019,4004.5
2/10/2019,3989.5
3/10/2019,4080
4/10/2019,4075
5/10/2019,3996.3
6/10/2019,4087.35
7/10/2019,4070
8/10/2019,4075
9/10/2019,4073
10/10/2019,4065
11/10/2019,4060
12/10/2019,4070
13/10/2019,4007.975
14/10/2019,3978.491
15/10/2019,4055
16/10/2019,4050
17/10/2019,4056
18/10/2019,4057
19/10/2019,4070
20/10/2019,4070
21/10/2019,4045
22/10/2019,4046
23/10/2019,4046
24/10/2019,4040
25/10/2019,4040
26/10/2019,4060
27/10/2019,4060
28/10/2019,4041
29/10/2019,4043
30/10/2019,4040
31/10/2019,4041
1/11/2019,3980.781
2/11/2019,4070.422
3/11/2019,4070.422
4/11/2019,4045
5/11/2019,4050
6/11/2019,4055
7/11/2019,4055
8/11/2019,4051
9/11/2019,4066
10/11/2019,4066
11/11/2019,4056
12/11/2019,4055
13/11/2019,4050
14/11/2019,4051
15/11/2019,4050
16/11/2019,3944.423
17/11/2019,4034.91
18/11/2019,4040
19/11/2019,4041
20/11/2019,4040
21/11/2019,4043
22/11/2019,4042
23/11/2019,4052
24/11/2019,4052
25/11/2019,4040
26/11/2019,4043
27/11/2019,4040
28/11/2019,3986.82
29/11/2019,4055
30/11/2019,3977.165
1/12/2019,4067.924
2/12/2019,4050
3/12/2019,4053
4/12/2019,4050
5/12/2019,4057
6/12/2019,4055
7/12/2019,4070
8/12/2019,4070
9/12/2019,4055
10/12/2019,4053
11/12/2019,4055
12/12/2019,4051
13/12/2019,4050
14/12/2019,4065
15/12/2019,4065
16/12/2019,4055
17/12/2019,3992.181
18/12/2019,4050
19/12/2019,4050
20/12/2019,4045
21/12/2019,4065
22/12/2019,4065
23/12/2019,4046
24/12/2019,4045
25/12/2019,3960.668
26/12/2019,4047
27/12/2019,4055
28/12/2019,4065
29/12/2019,4065
30/12/2019,4056
31/12/2019,3990.993
1/1/2020,4006.356
2/1/2020,4050
3/1/2020,4055
4/1/2020,4070
5/1/2020,4070
6/1/2020,4058
7/1/2020,4059
8/1/2020,4065
9/1/2020,4060
10/1/2020,4055
11/1/2020,3970.234
12/1/2020,3970.234
13/1/2020,4056
14/1/2020,4046
15/1/2020,4043
16/1/2020,4045
17/1/2020,3972.897
18/1/2020,4062.881
19/1/2020,4062.881
20/1/2020,4025
21/1/2020,4025
22/1/2020,4030
23/1/2020,4045
24/1/2020,4030
25/1/2020,4050
26/1/2020,4050
27/1/2020,4046
28/1/2020,4040
29/1/2020,4040
30/1/2020,4035
31/1/2020,4035
1/2/2020,4060
2/2/2020,4060
3/2/2020,3985.105
4/2/2020,4040
5/2/2020,4055
6/2/2020,4050
7/2/2020,4055
8/2/2020,4070
9/2/2020,4070
10/2/2020,4070
11/2/2020,4070
12/2/2020,3998.882
13/2/2020,4060
14/2/2020,4061
15/2/2020,4076
16/2/2020,4076
17/2/2020,4065
18/2/2020,4066
19/2/2020,4060
20/2/2020,4061
21/2/2020,4060
22/2/2020,4080
23/2/2020,4080
24/2/2020,4065
25/2/2020,4065
26/2/2020,4055
27/2/2020,4060
28/2/2020,4055
29/2/2020,4075
1/3/2020,4075
2/3/2020,4057
3/3/2020,4060
4/3/2020,4066
5/3/2020,4060
6/3/2020,4055
7/3/2020,4050
8/3/2020,4075
9/3/2020,4036
10/3/2020,4036
11/3/2020,3995.862
12/3/2020,4030
13/3/2020,4023
14/3/2020,4038
15/3/2020,4038
16/3/2020,4025
17/3/2020,4034.968
18/3/2020,4030
19/3/2020,4020
20/3/2020,4027
21/3/2020,4045
22/3/2020,4045
23/3/2020,4033
24/3/2020,4030
25/3/2020,4030
26/3/2020,4035
27/3/2020,4041
28/3/2020,4061
29/3/2020,3901.034
30/3/2020,4045
31/3/2020,4040
1/4/2020,4045
2/4/2020,4040
3/4/2020,4047
4/4/2020,4075
5/4/2020,4075
6/4/2020,4040
7/4/2020,4040
8/4/2020,4045
9/4/2020,4045
10/4/2020,4045
11/4/2020,4070
12/4/2020,4070
13/4/2020,4031
14/4/2020,4035
15/4/2020,4041
16/4/2020,4041
17/4/2020,4043
18/4/2020,3942.529
19/4/2020,4034.483
20/4/2020,4045
21/4/2020,4050
22/4/2020,4061
23/4/2020,4055
24/4/2020,4050
25/4/2020,4075
26/4/2020,4075
27/4/2020,4080
28/4/2020,4080
29/4/2020,4075
30/4/2020,4087
1/5/2020,4081
2/5/2020,4106
3/5/2020,4106
4/5/2020,4090
5/5/2020,4080
6/5/2020,4080
7/5/2020,4085
8/5/2020,4080
9/5/2020,4110
10/5/2020,4110
11/5/2020,4085
12/5/2020,4083
13/5/2020,4087
14/5/2020,4075
15/5/2020,4077
16/5/2020,4096.5
17/5/2020,4096.5
18/5/2020,4085
19/5/2020,4087
20/5/2020,4085
21/5/2020,4086
22/5/2020,4085
23/5/2020,4110
24/5/2020,4110
25/5/2020,4033.051
26/5/2020,4090
27/5/2020,4090
28/5/2020,4101
29/5/2020,4100
30/5/2020,4120
31/5/2020,4120
1/6/2020,4105
2/6/2020,4100
3/6/2020,4103
4/6/2020,4100
5/6/2020,4101
6/6/2020,4121
7/6/2020,4121
8/6/2020,4090
9/6/2020,4095
10/6/2020,4091
11/6/2020,4081
12/6/2020,4076
13/6/2020,4091
14/6/2020,4091
15/6/2020,4047
16/6/2020,4045
17/6/2020,4045
18/6/2020,4046
19/6/2020,4041
20/6/2020,4061
21/6/2020,4061
22/6/2020,4046
23/6/2020,4045
24/6/2020,4047
25/6/2020,4060
26/6/2020,4045
27/6/2020,4065
28/6/2020,4065
29/6/2020,4073
30/6/2020,4077
1/7/2020,4070
2/7/2020,4075
3/7/2020,4078
4/7/2020,4103
5/7/2020,4103
6/7/2020,4080
7/7/2020,4082
8/7/2020,4080
9/7/2020,4080
10/7/2020,4080
11/7/2020,4035.591
12/7/2020,4035.591
13/7/2020,4083
14/7/2020,4080
15/7/2020,4081
16/7/2020,4075
17/7/2020,4081
19/7/2020,4101
20/7/2020,4075
21/7/2020,4077
22/7/2020,4080
23/7/2020,4077
24/7/2020,4080
25/7/2020,4100
26/7/2020,4100
27/7/2020,4081
28/7/2020,4087
29/7/2020,4080
30/7/2020,4072
31/7/2020,4080
1/8/2020,4100
2/8/2020,4100
3/8/2020,4081
4/8/2020,4080
5/8/2020,4026.089
6/8/2020,4081
7/8/2020,4080
8/8/2020,4027.959
9/8/2020,4112.784
10/8/2020,4080
11/8/2020,4081
12/8/2020,4085
13/8/2020,4080
14/8/2020,4025.821
15/8/2020,4110.478
16/8/2020,4110.478
17/8/2020,4081
18/8/2020,4081
19/8/2020,4003.5
20/8/2020,4006.559
21/8/2020,4005.662
22/8/2020,4090.429
23/8/2020,4090.429
24/8/2020,4008.335
25/8/2020,4006.425
26/8/2020,4011.932
27/8/2020,4014.047
28/8/2020,4045.666
29/8/2020,4129.672
30/8/2020,4129.672
31/8/2020,4021.677
1/9/2020,4019.896
2/9/2020,4020.198
3/9/2020,4097
4/9/2020,4095
5/9/2020,4105
6/9/2020,4105
7/9/2020,4022.963
8/9/2020,4090
9/9/2020,4091
10/9/2020,4090
11/9/2020,4085
12/9/2020,4105
13/9/2020,4105
14/9/2020,4081
15/9/2020,4080
16/9/2020,4080
17/9/2020,4081
18/9/2020,4085
19/9/2020,4100
20/9/2020,4100
21/9/2020,4073
22/9/2020,4075
23/9/2020,4073
24/9/2020,4070
25/9/2020,4071
26/9/2020,4091
27/9/2020,4091
28/9/2020,4065
29/9/2020,4065
30/9/2020,4077
1/10/2020,4080
2/10/2020,4080
3/10/2020,4100
4/10/2020,4100
5/10/2020,4080
6/10/2020,4080
7/10/2020,4021.517
8/10/2020,4086
9/10/2020,4085
10/10/2020,4102.5
11/10/2020,4102.5
12/10/2020,4019.873
13/10/2020,4086
14/10/2020,4085
15/10/2020,4086
16/10/2020,4085
17/10/2020,4105
18/10/2020,4105
19/10/2020,4085
20/10/2020,4087
21/10/2020,4085
22/10/2020,4060
23/10/2020,4066
24/10/2020,4086
25/10/2020,4086
26/10/2020,4050
27/10/2020,4040
28/10/2020,4045
29/10/2020,4011.054
30/10/2020,4045
31/10/2020,4065
1/11/2020,4065
2/11/2020,4045
3/11/2020,4040
4/11/2020,4043
5/11/2020,4045
6/11/2020,4045
7/11/2020,4070
8/11/2020,4070
9/11/2020,4045
10/11/2020,4045
11/11/2020,3989.75
12/11/2020,4040
13/11/2020,4040
14/11/2020,4065
15/11/2020,4065
16/11/2020,4041
17/11/2020,4043
18/11/2020,4040
19/11/2020,4040
20/11/2020,4040
21/11/2020,4055
22/11/2020,4055
23/11/2020,4035
24/11/2020,4040
25/11/2020,4030
26/11/2020,3980.019
27/11/2020,4027
28/11/2020,4047
29/11/2020,4047
30/11/2020,4028
1/12/2020,4028
2/12/2020,4025
3/12/2020,4030
4/12/2020,4035
5/12/2020,4055
6/12/2020,4055
7/12/2020,4040
8/12/2020,4043
9/12/2020,4040
10/12/2020,4035
11/12/2020,4025
12/12/2020,4050
13/12/2020,4050
14/12/2020,4030
15/12/2020,4030
16/12/2020,4020
17/12/2020,4020
18/12/2020,4025
19/12/2020,4045
20/12/2020,4045
21/12/2020,4025
22/12/2020,4010
23/12/2020,4010
24/12/2020,4015
25/12/2020,3949.876
26/12/2020,4031.912
27/12/2020,4031.912
28/12/2020,4015
29/12/2020,4020
30/12/2020,4015
31/12/2020,4030
1/1/2021,3976.094
2/1/2021,4057.964
3/1/2021,4057.964
4/1/2021,4030
5/1/2021,4040
6/1/2021,4040
7/1/2021,4035
8/1/2021,4040
9/1/2021,3990.757
10/1/2021,4072.556
11/1/2021,4035
12/1/2021,4040
13/1/2021,4040
14/1/2021,4035
15/1/2021,4035
16/1/2021,4004.056
17/1/2021,4086.841
18/1/2021,3995.656
19/1/2021,4045
20/1/2021,4046
21/1/2021,4045
22/1/2021,4040
23/1/2021,4055
24/1/2021,4055
25/1/2021,4045
26/1/2021,4047
27/1/2021,4053
28/1/2021,4051
29/1/2021,4045
30/1/2021,3977.013
31/1/2021,4059.403
1/2/2021,4045
2/2/2021,4047
3/2/2021,4051
4/2/2021,4051
5/2/2021,4051
6/2/2021,4071
7/2/2021,4071
8/2/2021,4051
9/2/2021,4050
10/2/2021,4050
11/2/2021,4050
12/2/2021,4045
13/2/2021,4070
14/2/2021,4070
15/2/2021,4002.639
16/2/2021,4046
17/2/2021,4045
18/2/2021,4051
19/2/2021,4045
20/2/2021,3992.161
21/2/2021,4074.681
22/2/2021,4060
23/2/2021,4050
24/2/2021,4060
25/2/2021,4007.357
26/2/2021,4059
27/2/2021,4074
28/2/2021,4074
1/3/2021,4058
2/3/2021,4057
3/3/2021,4050
4/3/2021,4045
5/3/2021,4050
6/3/2021,4060
7/3/2021,4060
8/3/2021,4045
9/3/2021,4040
10/3/2021,4047
11/3/2021,4047
12/3/2021,4047
13/3/2021,4062
14/3/2021,3959.007
15/3/2021,4045
16/3/2021,4041
17/3/2021,4040
18/3/2021,4043
19/3/2021,4040
20/3/2021,4057.5
21/3/2021,3978.953
22/3/2021,4035
23/3/2021,4037
24/3/2021,4037
25/3/2021,4035
26/3/2021,4036
27/3/2021,4051
28/3/2021,4051
29/3/2021,4025
30/3/2021,4035
31/3/2021,4035
1/4/2021,4036
2/4/2021,4035
3/4/2021,4042.5
4/4/2021,4042.5
5/4/2021,3953.429
6/4/2021,3960.534
7/4/2021,3962.715
8/4/2021,3960.448
9/4/2021,3959.165
10/4/2021,4030
11/4/2021,4045
12/4/2021,4038
13/4/2021,4030
14/4/2021,4030
15/4/2021,4033
16/4/2021,4033
17/4/2021,3966.8
18/4/2021,3966.8
19/4/2021,4035
20/4/2021,4035
21/4/2021,4038
22/4/2021,4039
23/4/2021,4035
24/4/2021,3951.013
25/4/2021,4033.677
26/4/2021,4038
27/4/2021,4035
28/4/2021,4036
29/4/2021,4037
30/4/2021,4040
1/5/2021,3985.042
2/5/2021,4068.237
3/5/2021,4040
4/5/2021,4043
5/5/2021,4038
6/5/2021,4035
7/5/2021,4040
8/5/2021,3937.27
9/5/2021,4019.485
10/5/2021,4053
11/5/2021,3981.973
12/5/2021,4050
13/5/2021,4055
14/5/2021,4056
15/5/2021,4071
16/5/2021,4071
17/5/2021,4055
18/5/2021,4060
19/5/2021,4063
20/5/2021,4065
21/5/2021,4060
22/5/2021,4075
23/5/2021,4075
24/5/2021,4063
25/5/2021,4065
26/5/2021,4060
27/5/2021,4055
28/5/2021,4055
29/5/2021,4070
30/5/2021,4070
31/5/2021,3986.332
1/6/2021,4060
2/6/2021,4065
3/6/2021,4070
4/6/2021,4060
5/6/2021,4080
6/6/2021,4080
7/6/2021,4070
8/6/2021,4071
9/6/2021,4070
10/6/2021,4070
11/6/2021,4070
12/6/2021,4082.5
13/6/2021,4082.5
14/6/2021,4065
15/6/2021,4066
16/6/2021,4065
17/6/2021,4065
18/6/2021,4065
19/6/2021,4075
20/6/2021,4075
21/6/2021,4055
22/6/2021,4056
23/6/2021,4069
24/6/2021,4065
25/6/2021,4066
26/6/2021,4081
27/6/2021,3996.064
28/6/2021,4070
29/6/2021,4071
30/6/2021,4070
1/7/2021,4063
2/7/2021,4065
3/7/2021,3975.727
4/7/2021,4060.008
5/7/2021,3982.977
6/7/2021,4060
7/7/2021,4060
8/7/2021,4057
9/7/2021,4061
10/7/2021,3981.898
11/7/2021,4066.094
12/7/2021,4060
13/7/2021,4063
14/7/2021,4061
15/7/2021,4061
16/7/2021,3987.679
17/7/2021,3986.227
18/7/2021,4070.934
19/7/2021,3980.164
20/7/2021,4060
21/7/2021,4063
22/7/2021,4065
23/7/2021,4060
24/7/2021,3983.417
25/7/2021,4068.37
26/7/2021,4055
27/7/2021,4050
28/7/2021,4060
29/7/2021,3987.434
30/7/2021,3986.691
31/7/2021,4070.71
1/8/2021,4070.71
2/8/2021,4060
3/8/2021,4060
4/8/2021,4065
5/8/2021,4061
6/8/2021,3991.156
7/8/2021,4005.509
8/8/2021,4005.509
9/8/2021,3999.575
10/8/2021,3992.63
11/8/2021,3992.674
12/8/2021,3990.851
13/8/2021,3992.239
14/8/2021,4077.339
15/8/2021,4077.339
16/8/2021,3985.571
17/8/2021,3992.827
18/8/2021,3993.938
19/8/2021,3992.118
20/8/2021,4073
21/8/2021,3991.28
22/8/2021,3991.28
23/8/2021,4070
24/8/2021,4065
25/8/2021,4066
26/8/2021,4065
27/8/2021,3992.721
28/8/2021,4077.757
29/8/2021,4077.757
30/8/2021,3993.049
31/8/2021,3985.646
1/9/2021,3995.516
2/9/2021,3997.57
3/9/2021,3996.682
4/9/2021,4080.907
5/9/2021,4080.907
6/9/2021,3997.421
7/9/2021,3998.164
8/9/2021,3994.873
9/9/2021,3995.418
10/9/2021,3994.185
11/9/2021,4078.705
12/9/2021,4078.705
13/9/2021,4070
14/9/2021,4068
15/9/2021,4070
16/9/2021,4070
17/9/2021,4070
18/9/2021,4090
19/9/2021,4090
20/9/2021,4069
21/9/2021,4067
22/9/2021,4068
23/9/2021,4075
24/9/2021,4070
25/9/2021,4085
26/9/2021,4085
27/9/2021,4070
28/9/2021,4069
29/9/2021,4069
30/9/2021,4074
1/10/2021,4075
2/10/2021,4095
3/10/2021,4095
4/10/2021,4070
5/10/2021,4072
6/10/2021,3986.985
7/10/2021,4075
8/10/2021,4077
9/10/2021,3991.339
10/10/2021,4077.775
11/10/2021,3990.921
12/10/2021,4070
13/10/2021,4066
14/10/2021,4080
15/10/2021,4080
16/10/2021,4080
17/10/2021,4080
18/10/2021,4078
19/10/2021,4077
20/10/2021,4080
21/10/2021,4080
22/10/2021,4079.5
23/10/2021,4069.006
24/10/2021,4069.006
25/10/2021,4080
26/10/2021,4081
27/10/2021,4070
28/10/2021,4065
29/10/2021,4065
30/10/2021,4065
31/10/2021,4065
1/11/2021,4065
2/11/2021,4068
3/11/2021,4070
4/11/2021,4070
5/11/2021,4072
6/11/2021,4072
7/11/2021,4072
8/11/2021,4074
9/11/2021,4075
10/11/2021,4075
11/11/2021,4070.825
12/11/2021,4075
13/11/2021,4075
14/11/2021,4075
15/11/2021,4065
16/11/2021,4070
17/11/2021,4075
18/11/2021,4073
19/11/2021,4065.955
20/11/2021,4065.955
21/11/2021,4065.955
22/11/2021,4070
23/11/2021,4071
24/11/2021,4075
25/11/2021,4068.526
26/11/2021,4071
27/11/2021,4071
28/11/2021,4071
29/11/2021,4070
30/11/2021,4069
1/12/2021,4069.5
2/12/2021,4070
3/12/2021,4072
4/12/2021,4068.67
5/12/2021,4068.67
6/12/2021,4070
7/12/2021,4071
8/12/2021,4070
9/12/2021,4079.317
10/12/2021,4072
11/12/2021,4060.451
12/12/2021,4060.451
13/12/2021,4072.5
14/12/2021,4073.5
15/12/2021,4070
16/12/2021,4071
17/12/2021,4070
18/12/2021,4102.313
19/12/2021,4102.313
20/12/2021,4074
21/12/2021,4075
22/12/2021,4074
23/12/2021,4074
24/12/2021,4075
25/12/2021,4075
26/12/2021,4075
27/12/2021,4075.5
28/12/2021,4072
29/12/2021,4070
30/12/2021,4070
31/12/2021,4070
1/1/2022,4070
2/1/2022,4070
3/1/2022,4075
4/1/2022,4075
5/1/2022,4076
6/1/2022,4075
7/1/2022,4074.5
8/1/2022,4054.946
9/1/2022,4054.946
10/1/2022,4075
11/1/2022,4075
12/1/2022,4075
13/1/2022,4075
14/1/2022,4075
15/1/2022,4075
16/1/2022,4075
17/1/2022,4081.699
18/1/2022,4076
19/1/2022,4072
20/1/2022,4072
21/1/2022,4070
22/1/2022,4070
23/1/2022,4070
24/1/2022,4068
25/1/2022,4067.5
26/1/2022,4062.5
27/1/2022,4061.5
28/1/2022,4062.5
29/1/2022,4062.5
30/1/2022,4060.129
31/1/2022,4065.5
1/2/2022,4065
2/2/2022,4067
3/2/2022,4065.5
4/2/2022,4065
5/2/2022,4065
6/2/2022,4065
7/2/2022,4068
8/2/2022,4068.037
9/2/2022,4070
10/2/2022,4070
11/2/2022,4065
12/2/2022,4085.274
13/2/2022,4085.274
14/2/2022,4078.663
15/2/2022,4065.5
16/2/2022,4060
17/2/2022,4065
18/2/2022,4065.5
19/2/2022,4065.5
20/2/2022,4065.5
21/2/2022,4068.712
22/2/2022,4066
23/2/2022,4065
24/2/2022,4066
25/2/2022,4065
26/2/2022,4035.055
27/2/2022,4035.055
28/2/2022,4066
1/3/2022,4064.673
2/3/2022,4065.5
3/3/2022,4072.6
4/3/2022,4084.555
5/3/2022,4084.555
6/3/2022,4084.555
7/3/2022,4061
8/3/2022,4060
9/3/2022,4058
10/3/2022,4056
11/3/2022,4055
12/3/2022,4055
13/3/2022,4055
14/3/2022,4050
15/3/2022,4040
16/3/2022,4044.288
17/3/2022,4030
18/3/2022,4032
19/3/2022,4032
20/3/2022,4032
21/3/2022,4040
22/3/2022,4029.818
23/3/2022,4047
24/3/2022,4047.5
25/3/2022,4050
26/3/2022,4059.354
27/3/2022,4059.354
28/3/2022,4050
29/3/2022,4050
30/3/2022,4055
31/3/2022,4055
1/4/2022,4051
2/4/2022,4057.408
3/4/2022,4057.408
4/4/2022,4050
5/4/2022,4055
6/4/2022,4050
7/4/2022,4050
8/4/2022,4050
9/4/2022,4050
10/4/2022,4050
11/4/2022,4050
12/4/2022,4050
13/4/2022,4045
14/4/2022,4045.5
15/4/2022,4045
16/4/2022,4045
17/4/2022,4045
18/4/2022,4047.5
19/4/2022,4032.5
20/4/2022,4045
21/4/2022,4067.395
22/4/2022,4040
23/4/2022,4053.881
24/4/2022,4053.881
25/4/2022,4040
26/4/2022,4040
27/4/2022,4045
28/4/2022,4046
29/4/2022,4047
30/4/2022,4048
1/5/2022,4048
2/5/2022,4050
3/5/2022,4050
4/5/2022,4050
5/5/2022,4052
6/5/2022,4055
7/5/2022,4055
8/5/2022,4055
9/5/2022,4060
10/5/2022,4063
11/5/2022,4060
12/5/2022,4061
13/5/2022,4062
14/5/2022,4062
15/5/2022,4062
16/5/2022,4061
17/5/2022,4061
18/5/2022,4060
19/5/2022,4061
20/5/2022,4060
21/5/2022,4060
22/5/2022,4060
23/5/2022,4061
24/5/2022,4062
25/5/2022,4061
26/5/2022,4060
27/5/2022,4061
28/5/2022,4061
29/5/2022,4061
30/5/2022,4061.227
31/5/2022,4062
1/6/2022,4062.5
2/6/2022,4061
3/6/2022,4060
4/6/2022,4068.957
5/6/2022,4068.957
6/6/2022,4061
7/6/2022,4060
8/6/2022,4058.923
9/6/2022,4060
10/6/2022,4061
11/6/2022,4091.082
12/6/2022,4091.082
13/6/2022,4060
14/6/2022,4061.207
15/6/2022,4061.078
16/6/2022,4064.803
17/6/2022,4065
18/6/2022,4073.245
19/6/2022,4073.245
20/6/2022,4071.184
21/6/2022,4066
22/6/2022,4065
23/6/2022,4066
24/6/2022,4065
25/6/2022,4065
26/6/2022,4065
27/6/2022,4066
28/6/2022,4067.64
29/6/2022,4065.816
30/6/2022,4066.136
1/7/2022,4068.936
2/7/2022,4068.936
3/7/2022,4068.936
4/7/2022,4074.104
5/7/2022,4072.183
6/7/2022,4075.833
7/7/2022,4073.576
8/7/2022,4061.41
9/7/2022,4058.419
10/7/2022,4058.419
11/7/2022,4081.346
12/7/2022,4078.553
13/7/2022,4079.503
14/7/2022,4083.375
15/7/2022,4086.666
16/7/2022,4078.412
17/7/2022,4078.412
18/7/2022,4078.052
19/7/2022,4085.647
20/7/2022,4082.716
21/7/2022,4088.294
22/7/2022,4095.216
23/7/2022,4074.89
24/7/2022,4074.89
25/7/2022,4093.755
26/7/2022,4095.624
27/7/2022,4115
28/7/2022,4108
29/7/2022,4066
30/7/2022,4083
31/7/2022,4083
1/8/2022,4116
2/8/2022,4110
3/8/2022,4111
4/8/2022,4110
5/8/2022,4111
6/8/2022,4124.221
7/8/2022,4124.221
8/8/2022,4110
9/8/2022,4112
10/8/2022,4110
11/8/2022,4110
12/8/2022,4112
13/8/2022,4112
14/8/2022,4112
15/8/2022,4112
16/8/2022,4110
17/8/2022,4103.056
18/8/2022,4110
19/8/2022,4115
20/8/2022,4108.447
21/8/2022,4108.447
22/8/2022,4114.5
23/8/2022,4110
24/8/2022,4110
25/8/2022,4111
26/8/2022,4110
27/8/2022,4125.633
28/8/2022,4125.633
29/8/2022,4115
30/8/2022,4115
31/8/2022,4120
1/9/2022,4115
2/9/2022,4115
3/9/2022,4115
4/9/2022,4115
5/9/2022,4111
6/9/2022,4114.5
7/9/2022,4115
8/9/2022,4116
9/9/2022,4125
10/9/2022,4085.201
11/9/2022,4085.201
12/9/2022,4122.5
13/9/2022,4122.5
14/9/2022,4129.32
15/9/2022,4127.5
16/9/2022,4120
17/9/2022,4067.396
18/9/2022,4067.396
19/9/2022,4132
20/9/2022,4115
21/9/2022,4062
22/9/2022,4130
23/9/2022,4130
24/9/2022,4143.97
25/9/2022,4143.97
26/9/2022,4130
27/9/2022,4127
28/9/2022,4125
29/9/2022,4126
30/9/2022,4130
1/10/2022,4130
2/10/2022,4130
3/10/2022,4132
4/10/2022,4132
5/10/2022,4142.424
6/10/2022,4130
7/10/2022,4130
8/10/2022,4150.682
9/10/2022,4150.682
10/10/2022,4132
11/10/2022,4145
12/10/2022,4145
13/10/2022,4145
14/10/2022,4145
15/10/2022,4145
16/10/2022,4145
17/10/2022,4124.452
18/10/2022,4145
19/10/2022,4138.573
20/10/2022,4146
21/10/2022,4148.5
22/10/2022,4091.637
23/10/2022,4091.637
24/10/2022,4151
25/10/2022,4150
26/10/2022,4146
27/10/2022,4145
28/10/2022,4145
29/10/2022,4145
30/10/2022,4145
31/10/2022,4145
1/11/2022,4146
2/11/2022,4148
3/11/2022,4145
4/11/2022,4143
5/11/2022,4064.707
6/11/2022,4093.738
7/11/2022,4143
8/11/2022,4144
9/11/2022,4144
10/11/2022,4144.5
11/11/2022,4144.5
12/11/2022,4109.231
13/11/2022,4109.231
14/11/2022,4145
15/11/2022,4144
16/11/2022,4143
17/11/2022,4145
18/11/2022,4140
19/11/2022,4140
20/11/2022,4140
21/11/2022,4138
22/11/2022,4137.5
23/11/2022,4137.5
24/11/2022,4136.429
25/11/2022,4137.5
26/11/2022,4137.5
27/11/2022,4137.5
28/11/2022,4138.5
29/11/2022,4137.5
30/11/2022,4134
1/12/2022,4115
2/12/2022,4110
3/12/2022,4113.025
4/12/2022,4113.025
5/12/2022,4117.5
6/12/2022,4112.5
7/12/2022,4127
8/12/2022,4124
9/12/2022,4122
10/12/2022,4126.867
11/12/2022,4126.867
12/12/2022,4129.04
13/12/2022,4111
14/12/2022,4110
15/12/2022,4111
16/12/2022,4110
17/12/2022,4122.836
18/12/2022,4122.836
19/12/2022,4115
20/12/2022,4116
21/12/2022,4116
22/12/2022,4114
23/12/2022,4115
24/12/2022,4115
25/12/2022,4115
26/12/2022,4114
27/12/2022,4115
28/12/2022,4117
29/12/2022,4117
30/12/2022,4118.5
31/12/2022,4118.5
1/1/2023,4118.5
2/1/2023,4120.524
3/1/2023,4118
4/1/2023,4116.5
5/1/2023,4117
6/1/2023,4120
7/1/2023,4120
8/1/2023,4120
9/1/2023,4118
10/1/2023,4118
11/1/2023,4118
12/1/2023,4119
13/1/2023,4119
14/1/2023,4102.134
15/1/2023,4102.134
16/1/2023,4105.167
17/1/2023,4120
18/1/2023,4115
19/1/2023,4118
20/1/2023,4116.495
21/1/2023,4116.495
22/1/2023,4116.495
23/1/2023,4115
24/1/2023,4116
25/1/2023,4116
26/1/2023,4107.5
27/1/2023,4110
28/1/2023,4105.026
29/1/2023,4105.026
30/1/2023,4110
31/1/2023,4110
1/2/2023,4113
2/2/2023,4110
3/2/2023,4109.924
4/2/2023,4148.22
5/2/2023,4148.22
6/2/2023,4100
7/2/2023,4100
8/2/2023,4101
9/2/2023,4100
10/2/2023,4100
11/2/2023,4097.454
12/2/2023,4097.454
13/2/2023,4094.409
14/2/2023,4100
15/2/2023,4095.371
16/2/2023,4082
17/2/2023,4081
18/2/2023,4045.516
19/2/2023,4058.937
20/2/2023,4078.843
21/2/2023,4078.223
22/2/2023,4060.102
23/2/2023,4053.234
24/2/2023,4042
25/2/2023,4043.645
26/2/2023,4043.645
27/2/2023,4043
28/2/2023,4054
1/3/2023,4065
2/3/2023,4060
3/3/2023,4057
4/3/2023,4057
5/3/2023,4057
6/3/2023,4057
7/3/2023,4051
8/3/2023,4050
9/3/2023,4046
10/3/2023,4025.553
11/3/2023,4026.688
12/3/2023,4026.688
13/3/2023,4049
14/3/2023,4052
15/3/2023,4054
16/3/2023,4054
17/3/2023,4054
18/3/2023,3998.887
19/3/2023,3998.887
20/3/2023,4053.347
21/3/2023,4057.815
22/3/2023,4060.575
23/3/2023,4060.575
24/3/2023,4063.734
25/3/2023,4063.734
26/3/2023,4063.734
27/3/2023,4056
28/3/2023,4048.706
29/3/2023,4055
30/3/2023,4054
31/3/2023,4052
1/4/2023,4052
2/4/2023,4052
3/4/2023,4050
4/4/2023,4053
5/4/2023,4059
6/4/2023,4055.218
7/4/2023,4056
8/4/2023,4029.098
9/4/2023,4029.098
10/4/2023,4060
11/4/2023,4062
12/4/2023,4065
13/4/2023,4063
14/4/2023,4062
15/4/2023,4046.107
16/4/2023,4046.107
17/4/2023,4063
18/4/2023,4066
19/4/2023,4067.406
20/4/2023,4063
21/4/2023,4063
22/4/2023,4063
23/4/2023,4063
24/4/2023,4057.735
25/4/2023,4099
26/4/2023,4106
27/4/2023,4120
28/4/2023,4122.5
29/4/2023,4060.914
30/4/2023,4060.914
1/5/2023,4125
2/5/2023,4130
3/5/2023,4126
4/5/2023,4127
5/5/2023,4128
6/5/2023,4128
7/5/2023,4128
8/5/2023,4128
9/5/2023,4123
10/5/2023,4123
11/5/2023,4117
12/5/2023,4115
13/5/2023,4104.392
14/5/2023,4104.392
15/5/2023,4115
16/5/2023,4112
17/5/2023,4116
18/5/2023,4115
19/5/2023,4111
20/5/2023,4099.413
21/5/2023,4099.413
22/5/2023,4112
23/5/2023,4111
24/5/2023,4110
25/5/2023,4110
26/5/2023,4112
27/5/2023,4112
28/5/2023,4119.501
29/5/2023,4111.033
30/5/2023,4116
31/5/2023,4121
1/6/2023,4119.275
2/6/2023,4121
3/6/2023,4133.688
4/6/2023,4133.688
5/6/2023,4130
6/6/2023,4129
7/6/2023,4130
8/6/2023,4129
9/6/2023,4126
10/6/2023,4127.073
11/6/2023,4127.073
12/6/2023,4120
13/6/2023,4120
14/6/2023,4118
15/6/2023,4118
16/6/2023,4116
17/6/2023,4116
18/6/2023,4110.164
19/6/2023,4115
20/6/2023,4125
21/6/2023,4125
22/6/2023,4126
23/6/2023,4126
24/6/2023,4100.407
25/6/2023,4100.407
26/6/2023,4125
27/6/2023,4125
28/6/2023,4126
29/6/2023,4130
30/6/2023,4132
1/7/2023,4132
2/7/2023,4103.996
3/7/2023,4128
4/7/2023,4129.864
5/7/2023,4129
6/7/2023,4130
7/7/2023,4131
8/7/2023,4097.472
9/7/2023,4097.472
10/7/2023,4130
11/7/2023,4126
12/7/2023,4125
13/7/2023,4127
14/7/2023,4124.822
15/7/2023,4116.993
16/7/2023,4116.993
17/7/2023,4127
18/7/2023,4129
19/7/2023,4129
20/7/2023,4127.5
21/7/2023,4130.366
22/7/2023,4126.656
23/7/2023,4126.656
24/7/2023,4128
25/7/2023,4127
26/7/2023,4125
27/7/2023,4125
28/7/2023,4130
29/7/2023,4111.811
30/7/2023,4111.811
31/7/2023,4135
1/8/2023,4131
2/8/2023,4137.044
3/8/2023,4137
4/8/2023,4136.62
5/8/2023,4104.657
6/8/2023,4108.942
7/8/2023,4121.355
8/8/2023,4132.669
9/8/2023,4134.739
10/8/2023,4134.004
11/8/2023,4134.261
12/8/2023,4145.196
13/8/2023,4150.685
14/8/2023,4134
15/8/2023,4135
16/8/2023,4136
17/8/2023,4135
18/8/2023,4135
19/8/2023,4125.235
20/8/2023,4125.235
21/8/2023,4144
22/8/2023,4145
23/8/2023,4145
24/8/2023,4145
25/8/2023,4151.436
26/8/2023,4155.05
27/8/2023,4155.05
28/8/2023,4152.387
29/8/2023,4151.074
30/8/2023,4158.875
31/8/2023,4158.274
1/9/2023,4159.195
2/9/2023,4177.819
3/9/2023,4177.819
4/9/2023,4175.853
5/9/2023,4165.948
6/9/2023,4156
7/9/2023,4150
8/9/2023,4150
9/9/2023,4150
10/9/2023,4139.637
11/9/2023,4120
12/9/2023,4116.5
13/9/2023,4113
14/9/2023,4115
15/9/2023,4120
16/9/2023,4103.621
17/9/2023,4103.621
18/9/2023,4124.5
19/9/2023,4120
20/9/2023,4117
21/9/2023,4120
22/9/2023,4120
23/9/2023,4099.874
24/9/2023,4099.874
25/9/2023,4122
26/9/2023,4120
27/9/2023,4123
28/9/2023,4125
29/9/2023,4128
30/9/2023,4130.733
1/10/2023,4130.733
2/10/2023,4132
3/10/2023,4131
4/10/2023,4128
5/10/2023,4110.615
6/10/2023,4108.465
7/10/2023,4108.465
8/10/2023,4108.465
9/10/2023,4124.191
10/10/2023,4137
11/10/2023,4131
12/10/2023,4135
13/10/2023,4129.132
14/10/2023,4130.879
15/10/2023,4130.879
16/10/2023,4132
17/10/2023,4130
18/10/2023,4126.778
19/10/2023,4136
20/10/2023,4135
21/10/2023,4124.664
22/10/2023,4124.664
23/10/2023,4135
24/10/2023,4137
25/10/2023,4138
26/10/2023,4138
27/10/2023,4142
28/10/2023,4127.794
29/10/2023,4127.794
30/10/2023,4140
31/10/2023,4140
1/11/2023,4137
2/11/2023,4123.382
3/11/2023,4093.153
4/11/2023,4093.153
5/11/2023,4093.153
6/11/2023,4133
7/11/2023,4135
8/11/2023,4125
9/11/2023,4122.5
10/11/2023,4125
11/11/2023,4108.068
12/11/2023,4108.068
13/11/2023,4115
14/11/2023,4124
15/11/2023,4124
16/11/2023,4125
17/11/2023,4125
18/11/2023,4100.005
19/11/2023,4100.005
20/11/2023,4122
21/11/2023,4124
22/11/2023,4110.782
23/11/2023,4116.32
24/11/2023,4115
25/11/2023,4100.269
26/11/2023,4100.269
27/11/2023,4121
28/11/2023,4120
29/11/2023,4121
30/11/2023,4115.419
1/12/2023,4119
2/12/2023,4115.838
3/12/2023,4117.501
4/12/2023,4117
5/12/2023,4119
6/12/2023,4119.412
7/12/2023,4119
8/12/2023,4120
9/12/2023,4118.439
10/12/2023,4121.786
11/12/2023,4115
12/12/2023,4108.853
13/12/2023,4118
14/12/2023,4118
15/12/2023,4118
16/12/2023,4132.178
17/12/2023,4132.178
18/12/2023,4114
19/12/2023,4120
20/12/2023,4115
21/12/2023,4107
22/12/2023,4106.442
23/12/2023,4101.564
24/12/2023,4106.703
25/12/2023,4109.39
26/12/2023,4107.5
27/12/2023,4105
28/12/2023,4112.66
29/12/2023,4085.521
30/12/2023,4092.985
31/12/2023,4092.985
